Packet,Gyroscope X (deg/s),Gyroscope Y (deg/s),Gyroscope Z (deg/s),Accelerometer X (g),Accelerometer Y (g),Accelerometer Z (g),Magnetometer X (G),Magnetometer Y (G),Magnetometer Z (G)
0,-0.000568318588193506,-0.012628709897398949,0.003438939806073904,0.0,0.0,0.0,0,0,0
1,-0.000568318588193506,-0.012628709897398949,0.003438939806073904,0.0,0.0,0.0,0,0,0
2,-0.003138801548629999,0.0011209244839847088,0.0024517059791833162,0.0,0.0,0.0,0,0,0
3,-0.003138801548629999,0.0011209244839847088,0.0024517059791833162,0.0,0.0,0.0,0,0,0
4,-0.003138801548629999,0.0011209244839847088,0.0024517059791833162,0.0,0.0,0.0,0,0,0
5,-0.003138801548629999,0.0011209244839847088,0.0024517059791833162,0.0,0.0,0.0,0,0,0
6,-0.003138801548629999,0.0011209244839847088,0.0024517059791833162,0.0,0.0,0.0,0,0,0
7,-0.003138801548629999,0.0011209244839847088,0.0024517059791833162,0.0,0.0,0.0,0,0,0
8,-0.003138801548629999,0.0011209244839847088,0.0024517059791833162,0.0,0.0,0.0,0,0,0
9,-0.0022857910953462124,0.006187322083860636,-0.0014149374328553677,0.0,0.0,0.0,0,0,0
10,-0.0022857910953462124,0.006187322083860636,-0.0014149374328553677,0.0,0.0,0.0,0,0,0
11,-0.0022857910953462124,0.006187322083860636,-0.0014149374328553677,0.0,0.0,0.0,0,0,0
12,-0.0022857910953462124,0.006187322083860636,-0.0014149374328553677,0.0,0.0,0.0,0,0,0
13,-0.0022857910953462124,0.006187322083860636,-0.0014149374328553677,0.0,0.0,0.0,0,0,0
14,-0.0022857910953462124,0.006187322083860636,-0.0014149374328553677,0.0,0.0,0.0,0,0,0
15,-0.003916711080819368,0.007020625285804272,0.0020548950415104628,0.0,0.0,0.0,0,0,0
16,-0.003916711080819368,0.007020625285804272,0.0020548950415104628,0.0,0.0,0.0,0,0,0
17,-0.003916711080819368,0.007020625285804272,0.0020548950415104628,0.0,0.0,0.0,0,0,0
18,-0.003916711080819368,0.007020625285804272,0.0020548950415104628,0.0,0.0,0.0,0,0,0
19,-0.003916711080819368,0.007020625285804272,0.0020548950415104628,0.0,0.0,0.0,0,0,0
20,-0.003497795667499304,0.009709618985652924,0.0001347559446003288,0.0,0.0,0.0,0,0,0
21,-0.003497795667499304,0.009709618985652924,0.0001347559446003288,0.0,0.0,0.0,0,0,0
22,-0.003497795667499304,0.009709618985652924,0.0001347559446003288,0.0,0.0,0.0,0,0,0
23,-0.003497795667499304,0.009709618985652924,0.0001347559446003288,0.0,0.0,0.0,0,0,0
24,-0.003497795667499304,0.009709618985652924,0.0001347559446003288,0.0,0.0,0.0,0,0,0
25,-0.003497795667499304,0.009709618985652924,0.0001347559446003288,0.0,0.0,0.0,0,0,0
26,-0.003497795667499304,0.009709618985652924,0.0001347559446003288,0.0,0.0,0.0,0,0,0
27,-0.003288205014541745,0.009039567783474922,0.00017869810108095407,0.0,0.0,0.0,0,0,0
28,-0.003288205014541745,0.009039567783474922,0.00017869810108095407,0.0,0.0,0.0,0,0,0
29,-0.003288205014541745,0.009039567783474922,0.00017869810108095407,0.0,0.0,0.0,0,0,0
30,-0.003288205014541745,0.009039567783474922,0.00017869810108095407,0.0,0.0,0.0,0,0,0
31,-0.003288205014541745,0.009039567783474922,0.00017869810108095407,0.0,0.0,0.0,0,0,0
32,-0.003288205014541745,0.009039567783474922,0.00017869810108095407,0.0,0.0,0.0,0,0,0
33,-0.002502838848158717,0.008974053896963596,0.0008735168376006186,0.0,0.0,0.0,0,0,0
34,-0.002502838848158717,0.008974053896963596,0.0008735168376006186,0.0,0.0,0.0,0,0,0
35,-0.002502838848158717,0.008974053896963596,0.0008735168376006186,0.0,0.0,0.0,0,0,0
36,-0.002502838848158717,0.008974053896963596,0.0008735168376006186,0.0,0.0,0.0,0,0,0
37,-0.002502838848158717,0.008974053896963596,0.0008735168376006186,0.0,0.0,0.0,0,0,0
38,-0.0031763522420078516,0.005642439238727093,0.0024892566725611687,0.0,0.0,0.0,0,0,0
39,-0.0031763522420078516,0.005642439238727093,0.0024892566725611687,0.0,0.0,0.0,0,0,0
40,-0.0031763522420078516,0.005642439238727093,0.0024892566725611687,0.0,0.0,0.0,0,0,0
41,-0.0031763522420078516,0.005642439238727093,0.0024892566725611687,0.0,0.0,0.0,0,0,0
42,-0.0031763522420078516,0.005642439238727093,0.0024892566725611687,0.0,0.0,0.0,0,0,0
43,-0.0031763522420078516,0.005642439238727093,0.0024892566725611687,0.0,0.0,0.0,0,0,0
44,-0.0031763522420078516,0.005642439238727093,0.0024892566725611687,0.0,0.0,0.0,0,0,0
45,-0.002011219272390008,0.004554271697998047,0.0018732674652710557,0.0,0.0,0.0,0,0,0
46,-0.002011219272390008,0.004554271697998047,0.0018732674652710557,0.0,0.0,0.0,0,0,0
47,-0.002011219272390008,0.004554271697998047,0.0018732674652710557,0.0,0.0,0.0,0,0,0
48,-0.002011219272390008,0.004554271697998047,0.0018732674652710557,0.0,0.0,0.0,0,0,0
49,-0.002011219272390008,0.004554271697998047,0.0018732674652710557,0.0,0.0,0.0,0,0,0
50,-0.002011219272390008,0.004554271697998047,0.0018732674652710557,0.0,0.0,0.0,0,0,0
51,-0.001702026231214404,0.00395612558349967,0.0013148026773706079,0.0,0.0,0.0,0,0,0
52,-0.001702026231214404,0.00395612558349967,0.0013148026773706079,0.0,0.0,0.0,0,0,0
53,-0.001702026231214404,0.00395612558349967,0.0013148026773706079,0.0,0.0,0.0,0,0,0
54,-0.001702026231214404,0.00395612558349967,0.0013148026773706079,0.0,0.0,0.0,0,0,0
55,-0.001702026231214404,0.00395612558349967,0.0013148026773706079,0.0,0.0,0.0,0,0,0
56,-0.002305232221260667,0.003123355330899358,0.0013307816116139293,0.0,0.0,0.0,0,0,0
57,-0.002305232221260667,0.003123355330899358,0.0013307816116139293,0.0,0.0,0.0,0,0,0
58,-0.002305232221260667,0.003123355330899358,0.0013307816116139293,0.0,0.0,0.0,0,0,0
59,-0.002305232221260667,0.003123355330899358,0.0013307816116139293,0.0,0.0,0.0,0,0,0
60,-0.002305232221260667,0.003123355330899358,0.0013307816116139293,0.0,0.0,0.0,0,0,0
61,-0.002305232221260667,0.003123355330899358,0.0013307816116139293,0.0,0.0,0.0,0,0,0
62,-0.0008338357438333333,0.005290902219712734,0.0019044264918193221,0.0,0.0,0.0,0,0,0
63,-0.0008338357438333333,0.005290902219712734,0.0019044264918193221,0.0,0.0,0.0,0,0,0
64,-0.0008338357438333333,0.005290902219712734,0.0019044264918193221,0.0,0.0,0.0,0,0,0
65,-0.0008338357438333333,0.005290902219712734,0.0019044264918193221,0.0,0.0,0.0,0,0,0
66,-0.0008338357438333333,0.005290902219712734,0.0019044264918193221,0.0,0.0,0.0,0,0,0
67,-0.0008338357438333333,0.005290902219712734,0.0019044264918193221,0.0,0.0,0.0,0,0,0
68,-0.001088700257241726,0.003881823504343629,0.0005424859118647873,0.0,0.0,0.0,0,0,0
69,-0.001088700257241726,0.003881823504343629,0.0005424859118647873,0.0,0.0,0.0,0,0,0
70,-0.001088700257241726,0.003881823504343629,0.0005424859118647873,0.0,0.0,0.0,0,0,0
71,-0.001088700257241726,0.003881823504343629,0.0005424859118647873,0.0,0.0,0.0,0,0,0
72,-0.001088700257241726,0.003881823504343629,0.0005424859118647873,0.0,0.0,0.0,0,0,0
73,0.0008380967774428427,0.008422779850661755,0.0015765913994982839,0.0,0.0,0.0,0,0,0
74,0.0008380967774428427,0.008422779850661755,0.0015765913994982839,0.0,0.0,0.0,0,0,0
75,0.0008380967774428427,0.008422779850661755,0.0015765913994982839,0.0,0.0,0.0,0,0,0
76,0.0008380967774428427,0.008422779850661755,0.0015765913994982839,0.0,0.0,0.0,0,0,0
77,0.0008380967774428427,0.008422779850661755,0.0015765913994982839,0.0,0.0,0.0,0,0,0
78,0.0008380967774428427,0.008422779850661755,0.0015765913994982839,0.0,0.0,0.0,0,0,0
79,0.0008380967774428427,0.008422779850661755,0.0015765913994982839,0.0,0.0,0.0,0,0,0
80,-0.002228266792371869,0.005793706979602575,0.000966993800830096,0.0,0.0,0.0,0,0,0
81,-0.002228266792371869,0.005793706979602575,0.000966993800830096,0.0,0.0,0.0,0,0,0
82,-0.002228266792371869,0.005793706979602575,0.000966993800830096,0.0,0.0,0.0,0,0,0
83,-0.002228266792371869,0.005793706979602575,0.000966993800830096,0.0,0.0,0.0,0,0,0
84,-0.002228266792371869,0.005793706979602575,0.000966993800830096,0.0,0.0,0.0,0,0,0
85,-0.002228266792371869,0.005793706979602575,0.000966993800830096,0.0,0.0,0.0,0,0,0
86,-0.00267674308270216,0.004574778024107218,0.0008218514849431813,0.0,0.0,0.0,0,0,0
87,-0.00267674308270216,0.004574778024107218,0.0008218514849431813,0.0,0.0,0.0,0,0,0
88,-0.00267674308270216,0.004574778024107218,0.0008218514849431813,0.0,0.0,0.0,0,0,0
89,-0.00267674308270216,0.004574778024107218,0.0008218514849431813,0.0,0.0,0.0,0,0,0
90,-0.00267674308270216,0.004574778024107218,0.0008218514849431813,0.0,0.0,0.0,0,0,0
91,-0.0012298477813601494,0.0054637412540614605,0.0017390442080795765,0.0,0.0,0.0,0,0,0
92,-0.0012298477813601494,0.0054637412540614605,0.0017390442080795765,0.0,0.0,0.0,0,0,0
93,-0.0012298477813601494,0.0054637412540614605,0.0017390442080795765,0.0,0.0,0.0,0,0,0
94,-0.0012298477813601494,0.0054637412540614605,0.0017390442080795765,0.0,0.0,0.0,0,0,0
95,-0.0012298477813601494,0.0054637412540614605,0.0017390442080795765,0.0,0.0,0.0,0,0,0
96,-0.0012298477813601494,0.0054637412540614605,0.0017390442080795765,0.0,0.0,0.0,0,0,0
97,-0.0012298477813601494,0.0054637412540614605,0.0017390442080795765,0.0,0.0,0.0,0,0,0
98,-0.0016085492679849267,0.009550628252327442,0.0011851066956296563,0.0,0.0,0.0,0,0,0
99,-0.0016085492679849267,0.009550628252327442,0.0011851066956296563,0.0,0.0,0.0,0,0,0
100,-0.0016085492679849267,0.009550628252327442,0.0011851066956296563,0.0,0.0,0.0,0,0,0
101,-0.0016085492679849267,0.009550628252327442,0.0011851066956296563,0.0,0.0,0.0,0,0,0
102,-0.0016085492679849267,0.009550628252327442,0.0011851066956296563,0.0,0.0,0.0,0,0,0
103,-0.00350472005084157,0.0018210695125162601,0.0008671252289786935,0.0,0.0,0.0,0,0,0
104,-0.00350472005084157,0.0018210695125162601,0.0008671252289786935,0.0,0.0,0.0,0,0,0
105,-0.00350472005084157,0.0018210695125162601,0.0008671252289786935,0.0,0.0,0.0,0,0,0
106,-0.00350472005084157,0.0018210695125162601,0.0008671252289786935,0.0,0.0,0.0,0,0,0
107,-0.00350472005084157,0.0018210695125162601,0.0008671252289786935,0.0,0.0,0.0,0,0,0
108,-0.00054142065346241,0.01082894578576088,0.00016112125013023615,0.0,0.0,0.0,0,0,0
109,-0.00054142065346241,0.01082894578576088,0.00016112125013023615,0.0,0.0,0.0,0,0,0
110,-0.00054142065346241,0.01082894578576088,0.00016112125013023615,0.0,0.0,0.0,0,0,0
111,-0.00054142065346241,0.01082894578576088,0.00016112125013023615,0.0,0.0,0.0,0,0,0
112,-0.00054142065346241,0.01082894578576088,0.00016112125013023615,0.0,0.0,0.0,0,0,0
113,-0.00054142065346241,0.01082894578576088,0.00016112125013023615,0.0,0.0,0.0,0,0,0
114,-0.003313771216198802,0.0012029499048367143,0.0006527407676912844,0.0,0.0,0.0,0,0,0
115,-0.003313771216198802,0.0012029499048367143,0.0006527407676912844,0.0,0.0,0.0,0,0,0
116,-0.003313771216198802,0.0012029499048367143,0.0006527407676912844,0.0,0.0,0.0,0,0,0
117,-0.003313771216198802,0.0012029499048367143,0.0006527407676912844,0.0,0.0,0.0,0,0,0
118,-0.003313771216198802,0.0012029499048367143,0.0006527407676912844,0.0,0.0,0.0,0,0,0
119,-0.003313771216198802,0.0012029499048367143,0.0006527407676912844,0.0,0.0,0.0,0,0,0
120,-0.00213558878749609,0.006054430268704891,-0.0003475425182841718,0.0,0.0,0.0,0,0,0
121,-0.00213558878749609,0.006054430268704891,-0.0003475425182841718,0.0,0.0,0.0,0,0,0
122,-0.00213558878749609,0.006054430268704891,-0.0003475425182841718,0.0,0.0,0.0,0,0,0
123,-0.00213558878749609,0.006054430268704891,-0.0003475425182841718,0.0,0.0,0.0,0,0,0
124,-0.00213558878749609,0.006054430268704891,-0.0003475425182841718,0.0,0.0,0.0,0,0,0
125,-0.011020426638424397,-0.02281317114830017,0.002412291243672371,0.0,0.0,0.0,0,0,0
126,-0.011020426638424397,-0.02281317114830017,0.002412291243672371,0.0,0.0,0.0,0,0,0
127,-0.011020426638424397,-0.02281317114830017,0.002412291243672371,0.0,0.0,0.0,0,0,0
128,-0.011020426638424397,-0.02281317114830017,0.002412291243672371,0.0,0.0,0.0,0,0,0
129,-0.011020426638424397,-0.02281317114830017,0.002412291243672371,0.0,0.0,0.0,0,0,0
130,-0.011020426638424397,-0.02281317114830017,0.002412291243672371,0.0,0.0,0.0,0,0,0
131,-0.011020426638424397,-0.02281317114830017,0.002412291243672371,0.0,0.0,0.0,0,0,0
132,-0.006859770510345697,-0.024204671382904053,0.0026703516487032175,0.0,0.0,0.0,0,0,0
133,-0.006859770510345697,-0.024204671382904053,0.0026703516487032175,0.0,0.0,0.0,0,0,0
134,-0.006859770510345697,-0.024204671382904053,0.0026703516487032175,0.0,0.0,0.0,0,0,0
135,-0.006859770510345697,-0.024204671382904053,0.0026703516487032175,0.0,0.0,0.0,0,0,0
136,-0.006859770510345697,-0.024204671382904053,0.0026703516487032175,0.0,0.0,0.0,0,0,0
137,-0.006859770510345697,-0.024204671382904053,0.0026703516487032175,0.0,0.0,0.0,0,0,0
138,-0.03087535873055458,-0.06079357489943504,0.1330544501543045,0.0,0.0,0.0,0,0,0
139,-0.03087535873055458,-0.06079357489943504,0.1330544501543045,0.0,0.0,0.0,0,0,0
140,-0.03087535873055458,-0.06079357489943504,0.1330544501543045,0.0,0.0,0.0,0,0,0
141,-0.03087535873055458,-0.06079357489943504,0.1330544501543045,0.0,0.0,0.0,0,0,0
142,-0.03087535873055458,-0.06079357489943504,0.1330544501543045,0.0,0.0,0.0,0,0,0
143,0.05656101554632187,-0.021078387275338173,0.11023809015750885,0.0,0.0,0.0,0,0,0
144,0.05656101554632187,-0.021078387275338173,0.11023809015750885,0.0,0.0,0.0,0,0,0
145,0.05656101554632187,-0.021078387275338173,0.11023809015750885,0.0,0.0,0.0,0,0,0
146,0.05656101554632187,-0.021078387275338173,0.11023809015750885,0.0,0.0,0.0,0,0,0
147,0.05656101554632187,-0.021078387275338173,0.11023809015750885,0.0,0.0,0.0,0,0,0
148,0.07753713428974152,0.15310247242450714,-0.025415610522031784,0.0,0.0,0.0,0,0,0
149,0.07753713428974152,0.15310247242450714,-0.025415610522031784,0.0,0.0,0.0,0,0,0
150,0.07753713428974152,0.15310247242450714,-0.025415610522031784,0.0,0.0,0.0,0,0,0
151,0.07753713428974152,0.15310247242450714,-0.025415610522031784,0.0,0.0,0.0,0,0,0
152,0.07753713428974152,0.15310247242450714,-0.025415610522031784,0.0,0.0,0.0,0,0,0
153,0.07753713428974152,0.15310247242450714,-0.025415610522031784,0.0,0.0,0.0,0,0,0
154,0.07753713428974152,0.15310247242450714,-0.025415610522031784,0.0,0.0,0.0,0,0,0
155,-0.06836121529340744,0.8040818572044373,0.04060867801308632,0.0,0.0,-0.2779927978515625,0,0,0
156,-0.06836121529340744,0.8040818572044373,0.04060867801308632,0.0,0.0,-0.2779927978515625,0,0,0
157,-0.06836121529340744,0.8040818572044373,0.04060867801308632,0.0,0.0,-0.2779927978515625,0,0,0
158,-0.06836121529340744,0.8040818572044373,0.04060867801308632,0.0,0.0,-0.2779927978515625,0,0,0
159,-0.06836121529340744,0.8040818572044373,0.04060867801308632,0.0,0.0,-0.2779927978515625,0,0,0
160,-0.06836121529340744,0.8040818572044373,0.04060867801308632,0.0,0.0,-0.2779927978515625,0,0,0
161,-0.348373144865036,0.6496999859809875,0.07960321754217148,0.0,0.0,-0.28658349609375,0,0,0
162,-0.348373144865036,0.6496999859809875,0.07960321754217148,0.0,0.0,-0.28658349609375,0,0,0
163,-0.348373144865036,0.6496999859809875,0.07960321754217148,0.0,0.0,-0.28658349609375,0,0,0
164,-0.348373144865036,0.6496999859809875,0.07960321754217148,0.0,0.0,-0.28658349609375,0,0,0
165,-0.348373144865036,0.6496999859809875,0.07960321754217148,0.0,0.0,-0.28658349609375,0,0,0
166,-0.348373144865036,0.6496999859809875,0.07960321754217148,0.0,0.0,-0.28658349609375,0,0,0
167,-0.348373144865036,0.6496999859809875,0.07960321754217148,0.0,0.0,-0.28658349609375,0,0,0
168,-0.1629934459924698,-0.3155459761619568,0.08677484095096588,0.0,0.0,-0.4017568359375,0,0,0
169,-0.1629934459924698,-0.3155459761619568,0.08677484095096588,0.0,0.0,-0.4017568359375,0,0,0
170,-0.1629934459924698,-0.3155459761619568,0.08677484095096588,0.0,0.0,-0.4017568359375,0,0,0
171,-0.1629934459924698,-0.3155459761619568,0.08677484095096588,0.0,0.0,-0.4017568359375,0,0,0
172,-0.1629934459924698,-0.3155459761619568,0.08677484095096588,0.0,0.0,-0.4017568359375,0,0,0
173,-0.1629934459924698,-0.3155459761619568,0.08677484095096588,0.0,0.0,-0.4017568359375,0,0,0
174,0.5892091989517212,-0.3636016547679901,0.1260271668434143,0.0,0.0,-0.3443837890625,0,0,0
175,0.5892091989517212,-0.3636016547679901,0.1260271668434143,0.0,0.0,-0.3443837890625,0,0,0
176,0.5892091989517212,-0.3636016547679901,0.1260271668434143,0.0,0.0,-0.3443837890625,0,0,0
177,0.5892091989517212,-0.3636016547679901,0.1260271668434143,0.0,0.0,-0.3443837890625,0,0,0
178,0.5892091989517212,-0.3636016547679901,0.1260271668434143,0.0,0.0,-0.3443837890625,0,0,0
179,0.2712951600551605,-0.837809681892395,-0.039932768791913986,0.0,0.0,0.0,0,0,0
180,0.2712951600551605,-0.837809681892395,-0.039932768791913986,0.0,0.0,0.0,0,0,0
181,0.2712951600551605,-0.837809681892395,-0.039932768791913986,0.0,0.0,0.0,0,0,0
182,0.2712951600551605,-0.837809681892395,-0.039932768791913986,0.0,0.0,0.0,0,0,0
183,0.2712951600551605,-0.837809681892395,-0.039932768791913986,0.0,0.0,0.0,0,0,0
184,0.2712951600551605,-0.837809681892395,-0.039932768791913986,0.0,0.0,0.0,0,0,0
185,0.2712951600551605,-0.837809681892395,-0.039932768791913986,0.0,0.0,0.0,0,0,0
186,-0.052984122186899185,-0.7818551063537598,-0.08793438225984573,0.0,0.0,0.1420511474609375,0,0,0
187,-0.052984122186899185,-0.7818551063537598,-0.08793438225984573,0.0,0.0,0.1420511474609375,0,0,0
188,-0.052984122186899185,-0.7818551063537598,-0.08793438225984573,0.0,0.0,0.1420511474609375,0,0,0
189,-0.052984122186899185,-0.7818551063537598,-0.08793438225984573,0.0,0.0,0.1420511474609375,0,0,0
190,-0.052984122186899185,-0.7818551063537598,-0.08793438225984573,0.0,0.0,0.1420511474609375,0,0,0
191,-0.052984122186899185,-0.7818551063537598,-0.08793438225984573,0.0,0.0,0.1420511474609375,0,0,0
192,-0.05886731296777725,-0.6140144467353821,-0.1293310970067978,0.0,0.0,0.18607275390625,0,0,0
193,-0.05886731296777725,-0.6140144467353821,-0.1293310970067978,0.0,0.0,0.18607275390625,0,0,0
194,-0.05886731296777725,-0.6140144467353821,-0.1293310970067978,0.0,0.0,0.18607275390625,0,0,0
195,-0.05886731296777725,-0.6140144467353821,-0.1293310970067978,0.0,0.0,0.18607275390625,0,0,0
196,-0.05886731296777725,-0.6140144467353821,-0.1293310970067978,0.0,0.0,0.18607275390625,0,0,0
197,-0.08941137045621872,-0.5189281105995178,-0.14242319762706757,0.0,0.0,0.3370126953125,0,0,0
198,-0.08941137045621872,-0.5189281105995178,-0.14242319762706757,0.0,0.0,0.3370126953125,0,0,0
199,-0.08941137045621872,-0.5189281105995178,-0.14242319762706757,0.0,0.0,0.3370126953125,0,0,0
200,-0.08941137045621872,-0.5189281105995178,-0.14242319762706757,0.0,0.0,0.3370126953125,0,0,0
201,-0.08941137045621872,-0.5189281105995178,-0.14242319762706757,0.0,0.0,0.3370126953125,0,0,0
202,-0.08941137045621872,-0.5189281105995178,-0.14242319762706757,0.0,0.0,0.3370126953125,0,0,0
203,-0.08941137045621872,-0.5189281105995178,-0.14242319762706757,0.0,0.0,0.3370126953125,0,0,0
204,-0.0945022702217102,-0.3052073121070862,-0.120193250477314,0.0,0.0,0.3778604736328125,0,0,0
205,-0.0945022702217102,-0.3052073121070862,-0.120193250477314,0.0,0.0,0.3778604736328125,0,0,0
206,-0.0945022702217102,-0.3052073121070862,-0.120193250477314,0.0,0.0,0.3778604736328125,0,0,0
207,-0.0945022702217102,-0.3052073121070862,-0.120193250477314,0.0,0.0,0.3778604736328125,0,0,0
208,-0.0945022702217102,-0.3052073121070862,-0.120193250477314,0.0,0.0,0.3778604736328125,0,0,0
209,-0.0945022702217102,-0.3052073121070862,-0.120193250477314,0.0,0.0,0.3778604736328125,0,0,0
210,-0.047620248049497604,-0.10703537613153458,-0.00224930583499372,0.0,0.0,0.3357767333984375,0,0,0
211,-0.047620248049497604,-0.10703537613153458,-0.00224930583499372,0.0,0.0,0.3357767333984375,0,0,0
212,-0.047620248049497604,-0.10703537613153458,-0.00224930583499372,0.0,0.0,0.3357767333984375,0,0,0
213,-0.047620248049497604,-0.10703537613153458,-0.00224930583499372,0.0,0.0,0.3357767333984375,0,0,0
214,-0.047620248049497604,-0.10703537613153458,-0.00224930583499372,0.0,0.0,0.3357767333984375,0,0,0
215,-0.057906441390514374,-0.011242267675697803,0.05115692690014839,0.0,0.0,0.221320556640625,0,0,0
216,-0.057906441390514374,-0.011242267675697803,0.05115692690014839,0.0,0.0,0.221320556640625,0,0,0
217,-0.057906441390514374,-0.011242267675697803,0.05115692690014839,0.0,0.0,0.221320556640625,0,0,0
218,-0.057906441390514374,-0.011242267675697803,0.05115692690014839,0.0,0.0,0.221320556640625,0,0,0
219,-0.057906441390514374,-0.011242267675697803,0.05115692690014839,0.0,0.0,0.221320556640625,0,0,0
220,-0.057906441390514374,-0.011242267675697803,0.05115692690014839,0.0,0.0,0.221320556640625,0,0,0
221,-0.057906441390514374,-0.011242267675697803,0.05115692690014839,0.0,0.0,0.221320556640625,0,0,0
222,0.14391030371189117,0.0585610494017601,0.03783206641674042,0.0,0.0,0.1577677001953125,0,0,0
223,0.14391030371189117,0.0585610494017601,0.03783206641674042,0.0,0.0,0.1577677001953125,0,0,0
224,0.14391030371189117,0.0585610494017601,0.03783206641674042,0.0,0.0,0.1577677001953125,0,0,0
225,0.14391030371189117,0.0585610494017601,0.03783206641674042,0.0,0.0,0.1577677001953125,0,0,0
226,0.14391030371189117,0.0585610494017601,0.03783206641674042,0.0,0.0,0.1577677001953125,0,0,0
227,0.14391030371189117,0.0585610494017601,0.03783206641674042,0.0,0.0,0.1577677001953125,0,0,0
228,-0.16022536158561707,0.09218665212392807,-0.011812184937298298,0.0,0.0,0.167243408203125,0,0,0
229,-0.16022536158561707,0.09218665212392807,-0.011812184937298298,0.0,0.0,0.167243408203125,0,0,0
230,-0.16022536158561707,0.09218665212392807,-0.011812184937298298,0.0,0.0,0.167243408203125,0,0,0
231,-0.16022536158561707,0.09218665212392807,-0.011812184937298298,0.0,0.0,0.167243408203125,0,0,0
232,-0.16022536158561707,0.09218665212392807,-0.011812184937298298,0.0,0.0,0.167243408203125,0,0,0
233,0.11077471822500229,0.19609734416007996,0.04637601971626282,0.0,0.0,0.1578592529296875,0,0,0
234,0.11077471822500229,0.19609734416007996,0.04637601971626282,0.0,0.0,0.1578592529296875,0,0,0
235,0.11077471822500229,0.19609734416007996,0.04637601971626282,0.0,0.0,0.1578592529296875,0,0,0
236,0.11077471822500229,0.19609734416007996,0.04637601971626282,0.0,0.0,0.1578592529296875,0,0,0
237,0.11077471822500229,0.19609734416007996,0.04637601971626282,0.0,0.0,0.1578592529296875,0,0,0
238,0.11077471822500229,0.19609734416007996,0.04637601971626282,0.0,0.0,0.1578592529296875,0,0,0
239,-0.16453221440315247,0.42619046568870544,0.04758136719465256,0.0,0.0,0.225165771484375,0,0,0
240,-0.16453221440315247,0.42619046568870544,0.04758136719465256,0.0,0.0,0.225165771484375,0,0,0
241,-0.16453221440315247,0.42619046568870544,0.04758136719465256,0.0,0.0,0.225165771484375,0,0,0
242,-0.16453221440315247,0.42619046568870544,0.04758136719465256,0.0,0.0,0.225165771484375,0,0,0
243,-0.16453221440315247,0.42619046568870544,0.04758136719465256,0.0,0.0,0.225165771484375,0,0,0
244,-0.16453221440315247,0.42619046568870544,0.04758136719465256,0.0,0.0,0.225165771484375,0,0,0
245,-0.12548787891864777,0.35478073358535767,0.04544204846024513,0.0,0.0,0.250373291015625,0,0,0
246,-0.12548787891864777,0.35478073358535767,0.04544204846024513,0.0,0.0,0.250373291015625,0,0,0
247,-0.12548787891864777,0.35478073358535767,0.04544204846024513,0.0,0.0,0.250373291015625,0,0,0
248,-0.12548787891864777,0.35478073358535767,0.04544204846024513,0.0,0.0,0.250373291015625,0,0,0
249,-0.12548787891864777,0.35478073358535767,0.04544204846024513,0.0,0.0,0.250373291015625,0,0,0
250,-0.12548787891864777,0.35478073358535767,0.04544204846024513,0.0,0.0,0.250373291015625,0,0,0
251,0.009801231324672699,0.17173047363758087,-0.11790985614061356,0.0,0.0,0.0,0,0,0
252,0.009801231324672699,0.17173047363758087,-0.11790985614061356,0.0,0.0,0.0,0,0,0
253,0.009801231324672699,0.17173047363758087,-0.11790985614061356,0.0,0.0,0.0,0,0,0
254,0.009801231324672699,0.17173047363758087,-0.11790985614061356,0.0,0.0,0.0,0,0,0
255,0.009801231324672699,0.17173047363758087,-0.11790985614061356,0.0,0.0,0.0,0,0,0
256,0.009801231324672699,0.17173047363758087,-0.11790985614061356,0.0,0.0,0.0,0,0,0
257,0.009801231324672699,0.17173047363758087,-0.11790985614061356,0.0,0.0,0.0,0,0,0
258,-0.07714538276195526,0.1301683932542801,-0.2092839777469635,0.0,0.0,0.1166605224609375,0,0,0
259,-0.07714538276195526,0.1301683932542801,-0.2092839777469635,0.0,0.0,0.1166605224609375,0,0,0
260,-0.07714538276195526,0.1301683932542801,-0.2092839777469635,0.0,0.0,0.1166605224609375,0,0,0
261,-0.07714538276195526,0.1301683932542801,-0.2092839777469635,0.0,0.0,0.1166605224609375,0,0,0
262,-0.07714538276195526,0.1301683932542801,-0.2092839777469635,0.0,0.0,0.1166605224609375,0,0,0
263,-0.07714538276195526,0.1301683932542801,-0.2092839777469635,0.0,0.0,0.1166605224609375,0,0,0
264,0.038003575056791306,0.15633182227611542,-0.09314592182636261,0.0,0.0,0.0,0,0,0
265,0.038003575056791306,0.15633182227611542,-0.09314592182636261,0.0,0.0,0.0,0,0,0
266,0.038003575056791306,0.15633182227611542,-0.09314592182636261,0.0,0.0,0.0,0,0,0
267,0.038003575056791306,0.15633182227611542,-0.09314592182636261,0.0,0.0,0.0,0,0,0
268,0.038003575056791306,0.15633182227611542,-0.09314592182636261,0.0,0.0,0.0,0,0,0
269,-0.24979040026664734,0.19818712770938873,0.10400256514549255,0.0,0.0,0.0,0,0,0
270,-0.24979040026664734,0.19818712770938873,0.10400256514549255,0.0,0.0,0.0,0,0,0
271,-0.24979040026664734,0.19818712770938873,0.10400256514549255,0.0,0.0,0.0,0,0,0
272,-0.24979040026664734,0.19818712770938873,0.10400256514549255,0.0,0.0,0.0,0,0,0
273,-0.24979040026664734,0.19818712770938873,0.10400256514549255,0.0,0.0,0.0,0,0,0
274,-0.24979040026664734,0.19818712770938873,0.10400256514549255,0.0,0.0,0.0,0,0,0
275,-0.24979040026664734,0.19818712770938873,0.10400256514549255,0.0,0.0,0.0,0,0,0
276,-0.11408529430627823,0.29864901304244995,0.08238249272108078,0.0,0.0,0.0,0,0,0
277,-0.11408529430627823,0.29864901304244995,0.08238249272108078,0.0,0.0,0.0,0,0,0
278,-0.11408529430627823,0.29864901304244995,0.08238249272108078,0.0,0.0,0.0,0,0,0
279,-0.11408529430627823,0.29864901304244995,0.08238249272108078,0.0,0.0,0.0,0,0,0
280,-0.11408529430627823,0.29864901304244995,0.08238249272108078,0.0,0.0,0.0,0,0,0
281,-0.11408529430627823,0.29864901304244995,0.08238249272108078,0.0,0.0,0.0,0,0,0
282,0.33509382605552673,0.13706277310848236,0.15479889512062073,0.0,0.0,-0.2253499755859375,0,0,0
283,0.33509382605552673,0.13706277310848236,0.15479889512062073,0.0,0.0,-0.2253499755859375,0,0,0
284,0.33509382605552673,0.13706277310848236,0.15479889512062073,0.0,0.0,-0.2253499755859375,0,0,0
285,0.33509382605552673,0.13706277310848236,0.15479889512062073,0.0,0.0,-0.2253499755859375,0,0,0
286,0.33509382605552673,0.13706277310848236,0.15479889512062073,0.0,0.0,-0.2253499755859375,0,0,0
287,0.3845793604850769,-0.3139134645462036,0.16487550735473633,0.0,0.0,-0.1637197265625,0,0,0
288,0.3845793604850769,-0.3139134645462036,0.16487550735473633,0.0,0.0,-0.1637197265625,0,0,0
289,0.3845793604850769,-0.3139134645462036,0.16487550735473633,0.0,0.0,-0.1637197265625,0,0,0
290,0.3845793604850769,-0.3139134645462036,0.16487550735473633,0.0,0.0,-0.1637197265625,0,0,0
291,0.3845793604850769,-0.3139134645462036,0.16487550735473633,0.0,0.0,-0.1637197265625,0,0,0
292,0.3845793604850769,-0.3139134645462036,0.16487550735473633,0.0,0.0,-0.1637197265625,0,0,0
293,0.3845793604850769,-0.3139134645462036,0.16487550735473633,0.0,0.0,-0.1637197265625,0,0,0
294,0.13464170694351196,-0.021618742495775223,-0.07486598193645477,0.0,0.0,-0.1262593994140625,0,0,0
295,0.13464170694351196,-0.021618742495775223,-0.07486598193645477,0.0,0.0,-0.1262593994140625,0,0,0
296,0.13464170694351196,-0.021618742495775223,-0.07486598193645477,0.0,0.0,-0.1262593994140625,0,0,0
297,0.13464170694351196,-0.021618742495775223,-0.07486598193645477,0.0,0.0,-0.1262593994140625,0,0,0
298,0.13464170694351196,-0.021618742495775223,-0.07486598193645477,0.0,0.0,-0.1262593994140625,0,0,0
299,0.13464170694351196,-0.021618742495775223,-0.07486598193645477,0.0,0.0,-0.1262593994140625,0,0,0
300,-0.46545636653900146,0.031924378126859665,-0.04603087529540062,0.0,0.0,-0.2122884521484375,0,0,0
301,-0.46545636653900146,0.031924378126859665,-0.04603087529540062,0.0,0.0,-0.2122884521484375,0,0,0
302,-0.46545636653900146,0.031924378126859665,-0.04603087529540062,0.0,0.0,-0.2122884521484375,0,0,0
303,-0.46545636653900146,0.031924378126859665,-0.04603087529540062,0.0,0.0,-0.2122884521484375,0,0,0
304,-0.46545636653900146,0.031924378126859665,-0.04603087529540062,0.0,0.0,-0.2122884521484375,0,0,0
305,-0.25718384981155396,-0.18441058695316315,-0.06641737371683121,0.0,0.0,-0.1660848388671875,0,0,0
306,-0.25718384981155396,-0.18441058695316315,-0.06641737371683121,0.0,0.0,-0.1660848388671875,0,0,0
307,-0.25718384981155396,-0.18441058695316315,-0.06641737371683121,0.0,0.0,-0.1660848388671875,0,0,0
308,-0.25718384981155396,-0.18441058695316315,-0.06641737371683121,0.0,0.0,-0.1660848388671875,0,0,0
309,-0.25718384981155396,-0.18441058695316315,-0.06641737371683121,0.0,0.0,-0.1660848388671875,0,0,0
310,-0.25718384981155396,-0.18441058695316315,-0.06641737371683121,0.0,0.0,-0.1660848388671875,0,0,0
311,-0.25718384981155396,-0.18441058695316315,-0.06641737371683121,0.0,0.0,-0.1660848388671875,0,0,0
312,-0.2722909152507782,-0.00011211907985853031,-0.04002757743000984,0.0,0.0,0.0,0,0,0
313,-0.2722909152507782,-0.00011211907985853031,-0.04002757743000984,0.0,0.0,0.0,0,0,0
314,-0.2722909152507782,-0.00011211907985853031,-0.04002757743000984,0.0,0.0,0.0,0,0,0
315,-0.2722909152507782,-0.00011211907985853031,-0.04002757743000984,0.0,0.0,0.0,0,0,0
316,-0.2722909152507782,-0.00011211907985853031,-0.04002757743000984,0.0,0.0,0.0,0,0,0
317,-0.2722909152507782,-0.00011211907985853031,-0.04002757743000984,0.0,0.0,0.0,0,0,0
318,-0.23850391805171967,-0.11732929199934006,0.019150258973240852,0.0,0.0,0.0,0,0,0
319,-0.23850391805171967,-0.11732929199934006,0.019150258973240852,0.0,0.0,0.0,0,0,0
320,-0.23850391805171967,-0.11732929199934006,0.019150258973240852,0.0,0.0,0.0,0,0,0
321,-0.23850391805171967,-0.11732929199934006,0.019150258973240852,0.0,0.0,0.0,0,0,0
322,-0.23850391805171967,-0.11732929199934006,0.019150258973240852,0.0,0.0,0.0,0,0,0
323,0.10108587145805359,-0.0720779225230217,0.021766548976302147,0.0,0.0,0.0,0,0,0
324,0.10108587145805359,-0.0720779225230217,0.021766548976302147,0.0,0.0,0.0,0,0,0
325,0.10108587145805359,-0.0720779225230217,0.021766548976302147,0.0,0.0,0.0,0,0,0
326,0.10108587145805359,-0.0720779225230217,0.021766548976302147,0.0,0.0,0.0,0,0,0
327,0.10108587145805359,-0.0720779225230217,0.021766548976302147,0.0,0.0,0.0,0,0,0
328,0.22385627031326294,0.03868241608142853,-0.025772474706172943,0.0,0.0,0.0,0,0,0
329,0.22385627031326294,0.03868241608142853,-0.025772474706172943,0.0,0.0,0.0,0,0,0
330,0.22385627031326294,0.03868241608142853,-0.025772474706172943,0.0,0.0,0.0,0,0,0
331,0.22385627031326294,0.03868241608142853,-0.025772474706172943,0.0,0.0,0.0,0,0,0
332,0.22385627031326294,0.03868241608142853,-0.025772474706172943,0.0,0.0,0.0,0,0,0
333,0.22385627031326294,0.03868241608142853,-0.025772474706172943,0.0,0.0,0.0,0,0,0
334,0.17836840450763702,0.058584216982126236,-0.015295333229005337,0.0,0.0,0.0,0,0,0
335,0.17836840450763702,0.058584216982126236,-0.015295333229005337,0.0,0.0,0.0,0,0,0
336,0.17836840450763702,0.058584216982126236,-0.015295333229005337,0.0,0.0,0.0,0,0,0
337,0.17836840450763702,0.058584216982126236,-0.015295333229005337,0.0,0.0,0.0,0,0,0
338,-4.1012681322172284e-05,0.06526342779397964,-0.017361147329211235,0.0,0.0,0.0,0,0,0
339,-4.1012681322172284e-05,0.06526342779397964,-0.017361147329211235,0.0,0.0,0.0,0,0,0
340,-4.1012681322172284e-05,0.06526342779397964,-0.017361147329211235,0.0,0.0,0.0,0,0,0
341,-4.1012681322172284e-05,0.06526342779397964,-0.017361147329211235,0.0,0.0,0.0,0,0,0
342,-4.1012681322172284e-05,0.06526342779397964,-0.017361147329211235,0.0,0.0,0.0,0,0,0
343,-4.1012681322172284e-05,0.06526342779397964,-0.017361147329211235,0.0,0.0,0.0,0,0,0
344,-4.1012681322172284e-05,0.06526342779397964,-0.017361147329211235,0.0,0.0,0.0,0,0,0
345,-0.012976785190403461,0.03374171629548073,0.01375203114002943,0.0,0.0,0.0,0,0,0
346,-0.012976785190403461,0.03374171629548073,0.01375203114002943,0.0,0.0,0.0,0,0,0
347,-0.012976785190403461,0.03374171629548073,0.01375203114002943,0.0,0.0,0.0,0,0,0
348,-0.012976785190403461,0.03374171629548073,0.01375203114002943,0.0,0.0,0.0,0,0,0
349,-0.012976785190403461,0.03374171629548073,0.01375203114002943,0.0,0.0,0.0,0,0,0
350,-0.012976785190403461,0.03374171629548073,0.01375203114002943,0.0,0.0,0.0,0,0,0
351,-0.1814797818660736,-0.11167300492525101,0.09962432831525803,0.0,0.0,0.0,0,0,0
352,-0.1814797818660736,-0.11167300492525101,0.09962432831525803,0.0,0.0,0.0,0,0,0
353,-0.1814797818660736,-0.11167300492525101,0.09962432831525803,0.0,0.0,0.0,0,0,0
354,-0.1814797818660736,-0.11167300492525101,0.09962432831525803,0.0,0.0,0.0,0,0,0
355,-0.1814797818660736,-0.11167300492525101,0.09962432831525803,0.0,0.0,0.0,0,0,0
356,-0.04887406527996063,0.26019057631492615,0.16571520268917084,0.0,0.0,-0.32894189453125,0,0,0
357,-0.04887406527996063,0.26019057631492615,0.16571520268917084,0.0,0.0,-0.32894189453125,0,0,0
358,-0.04887406527996063,0.26019057631492615,0.16571520268917084,0.0,0.0,-0.32894189453125,0,0,0
359,-0.04887406527996063,0.26019057631492615,0.16571520268917084,0.0,0.0,-0.32894189453125,0,0,0
360,-0.04887406527996063,0.26019057631492615,0.16571520268917084,0.0,0.0,-0.32894189453125,0,0,0
361,-0.04887406527996063,0.26019057631492615,0.16571520268917084,0.0,0.0,-0.32894189453125,0,0,0
362,0.21310988068580627,0.6596066951751709,0.024230238050222397,0.0,0.0,-0.490837646484375,0,0,0
363,0.21310988068580627,0.6596066951751709,0.024230238050222397,0.0,0.0,-0.490837646484375,0,0,0
364,0.21310988068580627,0.6596066951751709,0.024230238050222397,0.0,0.0,-0.490837646484375,0,0,0
365,0.21310988068580627,0.6596066951751709,0.024230238050222397,0.0,0.0,-0.490837646484375,0,0,0
366,0.21310988068580627,0.6596066951751709,0.024230238050222397,0.0,0.0,-0.490837646484375,0,0,0
367,0.2940630614757538,0.4415835440158844,0.06762351840734482,0.0,0.0,-0.3465352783203125,0,0,0
368,0.2940630614757538,0.4415835440158844,0.06762351840734482,0.0,0.0,-0.3465352783203125,0,0,0
369,0.2940630614757538,0.4415835440158844,0.06762351840734482,0.0,0.0,-0.3465352783203125,0,0,0
370,0.2940630614757538,0.4415835440158844,0.06762351840734482,0.0,0.0,-0.3465352783203125,0,0,0
371,0.2940630614757538,0.4415835440158844,0.06762351840734482,0.0,0.0,-0.3465352783203125,0,0,0
372,0.06366526335477829,0.010885937139391899,0.2363230586051941,0.0,0.0,-0.3641134033203125,0,0,0
373,0.06366526335477829,0.010885937139391899,0.2363230586051941,0.0,0.0,-0.3641134033203125,0,0,0
374,0.06366526335477829,0.010885937139391899,0.2363230586051941,0.0,0.0,-0.3641134033203125,0,0,0
375,0.06366526335477829,0.010885937139391899,0.2363230586051941,0.0,0.0,-0.3641134033203125,0,0,0
376,0.06366526335477829,0.010885937139391899,0.2363230586051941,0.0,0.0,-0.3641134033203125,0,0,0
377,0.06366526335477829,0.010885937139391899,0.2363230586051941,0.0,0.0,-0.3641134033203125,0,0,0
378,-0.030402913689613342,-0.21689902245998383,0.13074229657649994,0.0,0.0,-0.2029195556640625,0,0,0
379,-0.030402913689613342,-0.21689902245998383,0.13074229657649994,0.0,0.0,-0.2029195556640625,0,0,0
380,-0.030402913689613342,-0.21689902245998383,0.13074229657649994,0.0,0.0,-0.2029195556640625,0,0,0
381,-0.030402913689613342,-0.21689902245998383,0.13074229657649994,0.0,0.0,-0.2029195556640625,0,0,0
382,-0.030402913689613342,-0.21689902245998383,0.13074229657649994,0.0,0.0,-0.2029195556640625,0,0,0
383,-0.030402913689613342,-0.21689902245998383,0.13074229657649994,0.0,0.0,-0.2029195556640625,0,0,0
384,-0.07622286677360535,-0.31775665283203125,-0.07113436609506607,0.0,0.0,0.0,0,0,0
385,-0.07622286677360535,-0.31775665283203125,-0.07113436609506607,0.0,0.0,0.0,0,0,0
386,-0.07622286677360535,-0.31775665283203125,-0.07113436609506607,0.0,0.0,0.0,0,0,0
387,-0.07622286677360535,-0.31775665283203125,-0.07113436609506607,0.0,0.0,0.0,0,0,0
388,-0.07622286677360535,-0.31775665283203125,-0.07113436609506607,0.0,0.0,0.0,0,0,0
389,-0.10817120969295502,-0.3215063810348511,-0.19699908792972565,0.0,0.0,0.1733316650390625,0,0,0
390,-0.10817120969295502,-0.3215063810348511,-0.19699908792972565,0.0,0.0,0.1733316650390625,0,0,0
391,-0.10817120969295502,-0.3215063810348511,-0.19699908792972565,0.0,0.0,0.1733316650390625,0,0,0
392,-0.10817120969295502,-0.3215063810348511,-0.19699908792972565,0.0,0.0,0.1733316650390625,0,0,0
393,-0.10817120969295502,-0.3215063810348511,-0.19699908792972565,0.0,0.0,0.1733316650390625,0,0,0
394,-0.10817120969295502,-0.3215063810348511,-0.19699908792972565,0.0,0.0,0.1733316650390625,0,0,0
395,-0.10817120969295502,-0.3215063810348511,-0.19699908792972565,0.0,0.0,0.1733316650390625,0,0,0
396,0.10982050746679306,-0.21689395606517792,-0.1545746624469757,0.0,0.0,0.29300634765625,0,0,0
397,0.10982050746679306,-0.21689395606517792,-0.1545746624469757,0.0,0.0,0.29300634765625,0,0,0
398,0.10982050746679306,-0.21689395606517792,-0.1545746624469757,0.0,0.0,0.29300634765625,0,0,0
399,0.10982050746679306,-0.21689395606517792,-0.1545746624469757,0.0,0.0,0.29300634765625,0,0,0
400,0.10982050746679306,-0.21689395606517792,-0.1545746624469757,0.0,0.0,0.29300634765625,0,0,0
401,0.07798028737306595,-0.20693054795265198,-0.03905312716960907,0.0,0.0,0.32974951171875,0,0,0
402,0.07798028737306595,-0.20693054795265198,-0.03905312716960907,0.0,0.0,0.32974951171875,0,0,0
403,0.07798028737306595,-0.20693054795265198,-0.03905312716960907,0.0,0.0,0.32974951171875,0,0,0
404,0.07798028737306595,-0.20693054795265198,-0.03905312716960907,0.0,0.0,0.32974951171875,0,0,0
405,0.07798028737306595,-0.20693054795265198,-0.03905312716960907,0.0,0.0,0.32974951171875,0,0,0
406,0.015156049281358719,-0.12352220714092255,-0.016209596768021584,0.0,0.0,0.2766641845703125,0,0,0
407,0.015156049281358719,-0.12352220714092255,-0.016209596768021584,0.0,0.0,0.2766641845703125,0,0,0
408,0.015156049281358719,-0.12352220714092255,-0.016209596768021584,0.0,0.0,0.2766641845703125,0,0,0
409,0.015156049281358719,-0.12352220714092255,-0.016209596768021584,0.0,0.0,0.2766641845703125,0,0,0
410,0.015156049281358719,-0.12352220714092255,-0.016209596768021584,0.0,0.0,0.2766641845703125,0,0,0
411,0.015156049281358719,-0.12352220714092255,-0.016209596768021584,0.0,0.0,0.2766641845703125,0,0,0
412,0.015156049281358719,-0.12352220714092255,-0.016209596768021584,0.0,0.0,0.2766641845703125,0,0,0
413,0.14101384580135345,0.015151788480579853,-0.036856818944215775,0.0,0.0,0.2912515869140625,0,0,0
414,0.14101384580135345,0.015151788480579853,-0.036856818944215775,0.0,0.0,0.2912515869140625,0,0,0
415,0.14101384580135345,0.015151788480579853,-0.036856818944215775,0.0,0.0,0.2912515869140625,0,0,0
416,0.14101384580135345,0.015151788480579853,-0.036856818944215775,0.0,0.0,0.2912515869140625,0,0,0
417,0.14101384580135345,0.015151788480579853,-0.036856818944215775,0.0,0.0,0.2912515869140625,0,0,0
418,0.14101384580135345,0.015151788480579853,-0.036856818944215775,0.0,0.0,0.2912515869140625,0,0,0
419,-0.11576548218727112,-0.09854894131422043,0.02592534013092518,0.0,0.0,0.324531005859375,0,0,0
420,-0.11576548218727112,-0.09854894131422043,0.02592534013092518,0.0,0.0,0.324531005859375,0,0,0
421,-0.11576548218727112,-0.09854894131422043,0.02592534013092518,0.0,0.0,0.324531005859375,0,0,0
422,-0.11576548218727112,-0.09854894131422043,0.02592534013092518,0.0,0.0,0.324531005859375,0,0,0
423,-0.11576548218727112,-0.09854894131422043,0.02592534013092518,0.0,0.0,0.324531005859375,0,0,0
424,-0.35652509331703186,0.1423417031764984,0.09883257001638412,0.0,0.0,0.3771890869140625,0,0,0
425,-0.35652509331703186,0.1423417031764984,0.09883257001638412,0.0,0.0,0.3771890869140625,0,0,0
426,-0.35652509331703186,0.1423417031764984,0.09883257001638412,0.0,0.0,0.3771890869140625,0,0,0
427,-0.35652509331703186,0.1423417031764984,0.09883257001638412,0.0,0.0,0.3771890869140625,0,0,0
428,-0.35652509331703186,0.1423417031764984,0.09883257001638412,0.0,0.0,0.3771890869140625,0,0,0
429,-0.35652509331703186,0.1423417031764984,0.09883257001638412,0.0,0.0,0.3771890869140625,0,0,0
430,-0.35652509331703186,0.1423417031764984,0.09883257001638412,0.0,0.0,0.3771890869140625,0,0,0
431,-0.06556462496519089,0.0977872833609581,-0.01619068719446659,0.0,0.0,0.4399332275390625,0,0,0
432,-0.06556462496519089,0.0977872833609581,-0.01619068719446659,0.0,0.0,0.4399332275390625,0,0,0
433,-0.06556462496519089,0.0977872833609581,-0.01619068719446659,0.0,0.0,0.4399332275390625,0,0,0
434,-0.06556462496519089,0.0977872833609581,-0.01619068719446659,0.0,0.0,0.4399332275390625,0,0,0
435,-0.06556462496519089,0.0977872833609581,-0.01619068719446659,0.0,0.0,0.4399332275390625,0,0,0
436,-0.06556462496519089,0.0977872833609581,-0.01619068719446659,0.0,0.0,0.4399332275390625,0,0,0
437,-0.08215772360563278,0.15121828019618988,-0.06821740418672562,0.0,0.0,0.3859171142578125,0,0,0
438,-0.08215772360563278,0.15121828019618988,-0.06821740418672562,0.0,0.0,0.3859171142578125,0,0,0
439,-0.08215772360563278,0.15121828019618988,-0.06821740418672562,0.0,0.0,0.3859171142578125,0,0,0
440,-0.08215772360563278,0.15121828019618988,-0.06821740418672562,0.0,0.0,0.3859171142578125,0,0,0
441,-0.08215772360563278,0.15121828019618988,-0.06821740418672562,0.0,0.0,0.3859171142578125,0,0,0
442,-0.08215772360563278,0.15121828019618988,-0.06821740418672562,0.0,0.0,0.3859171142578125,0,0,0
443,0.16190794110298157,0.19694529473781586,-0.07232026755809784,0.0,0.0,0.1578592529296875,0,0,0
444,0.16190794110298157,0.19694529473781586,-0.07232026755809784,0.0,0.0,0.1578592529296875,0,0,0
445,0.16190794110298157,0.19694529473781586,-0.07232026755809784,0.0,0.0,0.1578592529296875,0,0,0
446,0.16190794110298157,0.19694529473781586,-0.07232026755809784,0.0,0.0,0.1578592529296875,0,0,0
447,0.16190794110298157,0.19694529473781586,-0.07232026755809784,0.0,0.0,0.1578592529296875,0,0,0
448,0.16190794110298157,0.19694529473781586,-0.07232026755809784,0.0,0.0,0.1578592529296875,0,0,0
449,0.16190794110298157,0.19694529473781586,-0.07232026755809784,0.0,0.0,0.1578592529296875,0,0,0
450,-0.1491047888994217,0.2465360164642334,0.1309169977903366,0.0,0.0,0.0,0,0,0
451,-0.1491047888994217,0.2465360164642334,0.1309169977903366,0.0,0.0,0.0,0,0,0
452,-0.1491047888994217,0.2465360164642334,0.1309169977903366,0.0,0.0,0.0,0,0,0
453,-0.1491047888994217,0.2465360164642334,0.1309169977903366,0.0,0.0,0.0,0,0,0
454,-0.1491047888994217,0.2465360164642334,0.1309169977903366,0.0,0.0,0.0,0,0,0
455,-0.1491047888994217,0.2465360164642334,0.1309169977903366,0.0,0.0,0.0,0,0,0
456,0.22185170650482178,0.4901851415634155,-0.03701793774962425,0.0,0.0,-0.22396142578125,0,0,0
457,0.22185170650482178,0.4901851415634155,-0.03701793774962425,0.0,0.0,-0.22396142578125,0,0,0
458,0.22185170650482178,0.4901851415634155,-0.03701793774962425,0.0,0.0,-0.22396142578125,0,0,0
459,0.22185170650482178,0.4901851415634155,-0.03701793774962425,0.0,0.0,-0.22396142578125,0,0,0
460,0.22185170650482178,0.4901851415634155,-0.03701793774962425,0.0,0.0,-0.22396142578125,0,0,0
461,0.0722435712814331,0.24795201420783997,0.07774592936038971,0.0,0.0,-0.2728048095703125,0,0,0
462,0.0722435712814331,0.24795201420783997,0.07774592936038971,0.0,0.0,-0.2728048095703125,0,0,0
463,0.0722435712814331,0.24795201420783997,0.07774592936038971,0.0,0.0,-0.2728048095703125,0,0,0
464,0.0722435712814331,0.24795201420783997,0.07774592936038971,0.0,0.0,-0.2728048095703125,0,0,0
465,0.0722435712814331,0.24795201420783997,0.07774592936038971,0.0,0.0,-0.2728048095703125,0,0,0
466,0.0722435712814331,0.24795201420783997,0.07774592936038971,0.0,0.0,-0.2728048095703125,0,0,0
467,0.0722435712814331,0.24795201420783997,0.07774592936038971,0.0,0.0,-0.2728048095703125,0,0,0
468,-0.004829908721148968,0.16289517283439636,0.03593935817480087,0.0,0.0,-0.1922994384765625,0,0,0
469,-0.004829908721148968,0.16289517283439636,0.03593935817480087,0.0,0.0,-0.1922994384765625,0,0,0
470,-0.004829908721148968,0.16289517283439636,0.03593935817480087,0.0,0.0,-0.1922994384765625,0,0,0
471,-0.004829908721148968,0.16289517283439636,0.03593935817480087,0.0,0.0,-0.1922994384765625,0,0,0
472,-0.004829908721148968,0.16289517283439636,0.03593935817480087,0.0,0.0,-0.1922994384765625,0,0,0
473,-0.004829908721148968,0.16289517283439636,0.03593935817480087,0.0,0.0,-0.1922994384765625,0,0,0
474,-0.13439802825450897,0.1298227161169052,0.042456381022930145,0.0,0.0,-0.25789697265625,0,0,0
475,-0.13439802825450897,0.1298227161169052,0.042456381022930145,0.0,0.0,-0.25789697265625,0,0,0
476,-0.13439802825450897,0.1298227161169052,0.042456381022930145,0.0,0.0,-0.25789697265625,0,0,0
477,-0.13439802825450897,0.1298227161169052,0.042456381022930145,0.0,0.0,-0.25789697265625,0,0,0
478,-0.13439802825450897,0.1298227161169052,0.042456381022930145,0.0,0.0,-0.25789697265625,0,0,0
479,0.0018631474813446403,0.008443552069365978,0.01344443578273058,0.0,0.0,-0.2174764404296875,0,0,0
480,0.0018631474813446403,0.008443552069365978,0.01344443578273058,0.0,0.0,-0.2174764404296875,0,0,0
481,0.0018631474813446403,0.008443552069365978,0.01344443578273058,0.0,0.0,-0.2174764404296875,0,0,0
482,0.0018631474813446403,0.008443552069365978,0.01344443578273058,0.0,0.0,-0.2174764404296875,0,0,0
483,0.0018631474813446403,0.008443552069365978,0.01344443578273058,0.0,0.0,-0.2174764404296875,0,0,0
484,0.0018631474813446403,0.008443552069365978,0.01344443578273058,0.0,0.0,-0.2174764404296875,0,0,0
485,0.0018631474813446403,0.008443552069365978,0.01344443578273058,0.0,0.0,-0.2174764404296875,0,0,0
486,0.1793210208415985,-0.29533469676971436,0.018683405593037605,0.0,0.0,-0.1699605712890625,0,0,0
487,0.1793210208415985,-0.29533469676971436,0.018683405593037605,0.0,0.0,-0.1699605712890625,0,0,0
488,0.1793210208415985,-0.29533469676971436,0.018683405593037605,0.0,0.0,-0.1699605712890625,0,0,0
489,0.1793210208415985,-0.29533469676971436,0.018683405593037605,0.0,0.0,-0.1699605712890625,0,0,0
490,0.1793210208415985,-0.29533469676971436,0.018683405593037605,0.0,0.0,-0.1699605712890625,0,0,0
491,0.1793210208415985,-0.29533469676971436,0.018683405593037605,0.0,0.0,-0.1699605712890625,0,0,0
492,0.14058081805706024,-0.2979142367839813,-0.041188716888427734,0.0,0.0,-0.11788232421875,0,0,0
493,0.14058081805706024,-0.2979142367839813,-0.041188716888427734,0.0,0.0,-0.11788232421875,0,0,0
494,0.14058081805706024,-0.2979142367839813,-0.041188716888427734,0.0,0.0,-0.11788232421875,0,0,0
495,0.14058081805706024,-0.2979142367839813,-0.041188716888427734,0.0,0.0,-0.11788232421875,0,0,0
496,0.14058081805706024,-0.2979142367839813,-0.041188716888427734,0.0,0.0,-0.11788232421875,0,0,0
497,0.021702099591493607,-0.44012677669525146,-0.048651158809661865,0.0,0.0,-0.110893798828125,0,0,0
498,0.021702099591493607,-0.44012677669525146,-0.048651158809661865,0.0,0.0,-0.110893798828125,0,0,0
499,0.021702099591493607,-0.44012677669525146,-0.048651158809661865,0.0,0.0,-0.110893798828125,0,0,0
500,0.021702099591493607,-0.44012677669525146,-0.048651158809661865,0.0,0.0,-0.110893798828125,0,0,0
501,0.021702099591493607,-0.44012677669525146,-0.048651158809661865,0.0,0.0,-0.110893798828125,0,0,0
502,-0.078770712018013,-0.27823588252067566,0.03647411987185478,0.0,0.0,0.0,0,0,0
503,-0.078770712018013,-0.27823588252067566,0.03647411987185478,0.0,0.0,0.0,0,0,0
504,-0.078770712018013,-0.27823588252067566,0.03647411987185478,0.0,0.0,0.0,0,0,0
505,-0.078770712018013,-0.27823588252067566,0.03647411987185478,0.0,0.0,0.0,0,0,0
506,-0.078770712018013,-0.27823588252067566,0.03647411987185478,0.0,0.0,0.0,0,0,0
507,-0.078770712018013,-0.27823588252067566,0.03647411987185478,0.0,0.0,0.0,0,0,0
508,-0.02111780270934105,-0.16356682777404785,0.020480507984757423,0.0,0.0,0.0,0,0,0
509,-0.02111780270934105,-0.16356682777404785,0.020480507984757423,0.0,0.0,0.0,0,0,0
510,-0.02111780270934105,-0.16356682777404785,0.020480507984757423,0.0,0.0,0.0,0,0,0
511,-0.02111780270934105,-0.16356682777404785,0.020480507984757423,0.0,0.0,0.0,0,0,0
512,-0.02111780270934105,-0.16356682777404785,0.020480507984757423,0.0,0.0,0.0,0,0,0
513,-0.02111780270934105,-0.16356682777404785,0.020480507984757423,0.0,0.0,0.0,0,0,0
514,-0.06459923088550568,-0.06985151767730713,0.002662362065166235,0.0,0.0,0.0,0,0,0
515,-0.06459923088550568,-0.06985151767730713,0.002662362065166235,0.0,0.0,0.0,0,0,0
516,-0.06459923088550568,-0.06985151767730713,0.002662362065166235,0.0,0.0,0.0,0,0,0
517,-0.06459923088550568,-0.06985151767730713,0.002662362065166235,0.0,0.0,0.0,0,0,0
518,-0.06459923088550568,-0.06985151767730713,0.002662362065166235,0.0,0.0,0.0,0,0,0
519,-0.06459923088550568,-0.06985151767730713,0.002662362065166235,0.0,0.0,0.0,0,0,0
520,-0.06459923088550568,-0.06985151767730713,0.002662362065166235,0.0,0.0,0.0,0,0,0
521,0.025416675955057144,-0.1845535933971405,-0.015907326713204384,0.0,0.0,0.0,0,0,0
522,0.025416675955057144,-0.1845535933971405,-0.015907326713204384,0.0,0.0,0.0,0,0,0
523,0.025416675955057144,-0.1845535933971405,-0.015907326713204384,0.0,0.0,0.0,0,0,0
524,0.025416675955057144,-0.1845535933971405,-0.015907326713204384,0.0,0.0,0.0,0,0,0
525,0.025416675955057144,-0.1845535933971405,-0.015907326713204384,0.0,0.0,0.0,0,0,0
526,0.025416675955057144,-0.1845535933971405,-0.015907326713204384,0.0,0.0,0.0,0,0,0
527,0.15900883078575134,0.0184040404856205,-0.023094933480024338,0.0,0.0,0.0,0,0,0
528,0.15900883078575134,0.0184040404856205,-0.023094933480024338,0.0,0.0,0.0,0,0,0
529,0.15900883078575134,0.0184040404856205,-0.023094933480024338,0.0,0.0,0.0,0,0,0
530,0.15900883078575134,0.0184040404856205,-0.023094933480024338,0.0,0.0,0.0,0,0,0
531,0.029084382578730583,0.058699797838926315,-0.024623587727546692,0.0,0.0,0.0,0,0,0
532,0.029084382578730583,0.058699797838926315,-0.024623587727546692,0.0,0.0,0.0,0,0,0
533,0.029084382578730583,0.058699797838926315,-0.024623587727546692,0.0,0.0,0.0,0,0,0
534,0.029084382578730583,0.058699797838926315,-0.024623587727546692,0.0,0.0,0.0,0,0,0
535,0.029084382578730583,0.058699797838926315,-0.024623587727546692,0.0,0.0,0.0,0,0,0
536,0.029084382578730583,0.058699797838926315,-0.024623587727546692,0.0,0.0,0.0,0,0,0
537,0.029084382578730583,0.058699797838926315,-0.024623587727546692,0.0,0.0,0.0,0,0,0
538,0.010310694575309753,0.11306210607290268,-0.009831591509282589,0.0,0.0,0.0,0,0,0
539,0.010310694575309753,0.11306210607290268,-0.009831591509282589,0.0,0.0,0.0,0,0,0
540,0.010310694575309753,0.11306210607290268,-0.009831591509282589,0.0,0.0,0.0,0,0,0
541,0.010310694575309753,0.11306210607290268,-0.009831591509282589,0.0,0.0,0.0,0,0,0
542,0.010310694575309753,0.11306210607290268,-0.009831591509282589,0.0,0.0,0.0,0,0,0
543,0.010310694575309753,0.11306210607290268,-0.009831591509282589,0.0,0.0,0.0,0,0,0
544,0.00933144986629486,0.04623247683048248,-0.0027571707032620907,0.0,0.0,0.0,0,0,0
545,0.00933144986629486,0.04623247683048248,-0.0027571707032620907,0.0,0.0,0.0,0,0,0
546,0.00933144986629486,0.04623247683048248,-0.0027571707032620907,0.0,0.0,0.0,0,0,0
547,0.00933144986629486,0.04623247683048248,-0.0027571707032620907,0.0,0.0,0.0,0,0,0
548,0.00933144986629486,0.04623247683048248,-0.0027571707032620907,0.0,0.0,0.0,0,0,0
549,0.012660401873290539,0.049123868346214294,-7.323692989302799e-05,0.0,0.0,0.0,0,0,0
550,0.012660401873290539,0.049123868346214294,-7.323692989302799e-05,0.0,0.0,0.0,0,0,0
551,0.012660401873290539,0.049123868346214294,-7.323692989302799e-05,0.0,0.0,0.0,0,0,0
552,0.012660401873290539,0.049123868346214294,-7.323692989302799e-05,0.0,0.0,0.0,0,0,0
553,0.012660401873290539,0.049123868346214294,-7.323692989302799e-05,0.0,0.0,0.0,0,0,0
554,0.012660401873290539,0.049123868346214294,-7.323692989302799e-05,0.0,0.0,0.0,0,0,0
555,0.012660401873290539,0.049123868346214294,-7.323692989302799e-05,0.0,0.0,0.0,0,0,0
556,0.0085439532995224,0.04644712805747986,0.006947122048586607,0.0,0.0,0.0,0,0,0
557,0.0085439532995224,0.04644712805747986,0.006947122048586607,0.0,0.0,0.0,0,0,0
558,0.0085439532995224,0.04644712805747986,0.006947122048586607,0.0,0.0,0.0,0,0,0
559,0.0085439532995224,0.04644712805747986,0.006947122048586607,0.0,0.0,0.0,0,0,0
560,0.0085439532995224,0.04644712805747986,0.006947122048586607,0.0,0.0,0.0,0,0,0
561,0.0085439532995224,0.04644712805747986,0.006947122048586607,0.0,0.0,0.0,0,0,0
562,0.005781190004199743,0.06126175820827484,-0.0004977448261342943,0.0,0.0,0.0,0,0,0
563,0.005781190004199743,0.06126175820827484,-0.0004977448261342943,0.0,0.0,0.0,0,0,0
564,0.005781190004199743,0.06126175820827484,-0.0004977448261342943,0.0,0.0,0.0,0,0,0
565,0.005781190004199743,0.06126175820827484,-0.0004977448261342943,0.0,0.0,0.0,0,0,0
566,0.005781190004199743,0.06126175820827484,-0.0004977448261342943,0.0,0.0,0.0,0,0,0
567,-0.007625961676239967,0.04677069932222366,-0.01372326910495758,0.0,0.0,0.0,0,0,0
568,-0.007625961676239967,0.04677069932222366,-0.01372326910495758,0.0,0.0,0.0,0,0,0
569,-0.007625961676239967,0.04677069932222366,-0.01372326910495758,0.0,0.0,0.0,0,0,0
570,-0.007625961676239967,0.04677069932222366,-0.01372326910495758,0.0,0.0,0.0,0,0,0
571,-0.007625961676239967,0.04677069932222366,-0.01372326910495758,0.0,0.0,0.0,0,0,0
572,-0.007625961676239967,0.04677069932222366,-0.01372326910495758,0.0,0.0,0.0,0,0,0
573,-0.016818394884467125,0.012565859593451023,-0.006966829299926758,0.0,0.0,0.0,0,0,0
574,-0.016818394884467125,0.012565859593451023,-0.006966829299926758,0.0,0.0,0.0,0,0,0
575,-0.016818394884467125,0.012565859593451023,-0.006966829299926758,0.0,0.0,0.0,0,0,0
576,-0.016818394884467125,0.012565859593451023,-0.006966829299926758,0.0,0.0,0.0,0,0,0
577,-0.016818394884467125,0.012565859593451023,-0.006966829299926758,0.0,0.0,0.0,0,0,0
578,-0.016818394884467125,0.012565859593451023,-0.006966829299926758,0.0,0.0,0.0,0,0,0
579,-0.003284742822870612,-2.210423735959921e-05,0.002752376953139901,0.0,0.0,0.0,0,0,0
580,-0.003284742822870612,-2.210423735959921e-05,0.002752376953139901,0.0,0.0,0.0,0,0,0
581,-0.003284742822870612,-2.210423735959921e-05,0.002752376953139901,0.0,0.0,0.0,0,0,0
582,-0.003284742822870612,-2.210423735959921e-05,0.002752376953139901,0.0,0.0,0.0,0,0,0
583,-0.003284742822870612,-2.210423735959921e-05,0.002752376953139901,0.0,0.0,0.0,0,0,0
584,0.01047288067638874,-0.004845088813453913,0.019355054944753647,0.0,0.0,0.0,0,0,0
585,0.01047288067638874,-0.004845088813453913,0.019355054944753647,0.0,0.0,0.0,0,0,0
586,0.01047288067638874,-0.004845088813453913,0.019355054944753647,0.0,0.0,0.0,0,0,0
587,0.01047288067638874,-0.004845088813453913,0.019355054944753647,0.0,0.0,0.0,0,0,0
588,0.01047288067638874,-0.004845088813453913,0.019355054944753647,0.0,0.0,0.0,0,0,0
589,0.01047288067638874,-0.004845088813453913,0.019355054944753647,0.0,0.0,0.0,0,0,0
590,0.01047288067638874,-0.004845088813453913,0.019355054944753647,0.0,0.0,0.0,0,0,0
591,0.016832510009407997,-0.09402716159820557,0.12300661951303482,0.0,0.0,0.0,0,0,0
592,0.016832510009407997,-0.09402716159820557,0.12300661951303482,0.0,0.0,0.0,0,0,0
593,0.016832510009407997,-0.09402716159820557,0.12300661951303482,0.0,0.0,0.0,0,0,0
594,0.016832510009407997,-0.09402716159820557,0.12300661951303482,0.0,0.0,0.0,0,0,0
595,0.016832510009407997,-0.09402716159820557,0.12300661951303482,0.0,0.0,0.0,0,0,0
596,0.016832510009407997,-0.09402716159820557,0.12300661951303482,0.0,0.0,0.0,0,0,0
597,-0.01878061145544052,0.3878372013568878,0.07573657482862473,0.0,0.0,-0.28353173828125,0,0,0
598,-0.01878061145544052,0.3878372013568878,0.07573657482862473,0.0,0.0,-0.28353173828125,0,0,0
599,-0.01878061145544052,0.3878372013568878,0.07573657482862473,0.0,0.0,-0.28353173828125,0,0,0
600,-0.01878061145544052,0.3878372013568878,0.07573657482862473,0.0,0.0,-0.28353173828125,0,0,0
601,-0.01878061145544052,0.3878372013568878,0.07573657482862473,0.0,0.0,-0.28353173828125,0,0,0
602,-0.052376121282577515,0.3091360032558441,0.0658503845334053,0.0,0.0,-0.3779073486328125,0,0,0
603,-0.052376121282577515,0.3091360032558441,0.0658503845334053,0.0,0.0,-0.3779073486328125,0,0,0
604,-0.052376121282577515,0.3091360032558441,0.0658503845334053,0.0,0.0,-0.3779073486328125,0,0,0
605,-0.052376121282577515,0.3091360032558441,0.0658503845334053,0.0,0.0,-0.3779073486328125,0,0,0
606,-0.052376121282577515,0.3091360032558441,0.0658503845334053,0.0,0.0,-0.3779073486328125,0,0,0
607,-0.052376121282577515,0.3091360032558441,0.0658503845334053,0.0,0.0,-0.3779073486328125,0,0,0
608,-0.052376121282577515,0.3091360032558441,0.0658503845334053,0.0,0.0,-0.3779073486328125,0,0,0
609,-0.17261198163032532,0.13253727555274963,0.03368525952100754,0.0,0.0,-0.28072412109375,0,0,0
610,-0.17261198163032532,0.13253727555274963,0.03368525952100754,0.0,0.0,-0.28072412109375,0,0,0
611,-0.17261198163032532,0.13253727555274963,0.03368525952100754,0.0,0.0,-0.28072412109375,0,0,0
612,-0.17261198163032532,0.13253727555274963,0.03368525952100754,0.0,0.0,-0.28072412109375,0,0,0
613,-0.17261198163032532,0.13253727555274963,0.03368525952100754,0.0,0.0,-0.28072412109375,0,0,0
614,-0.17261198163032532,0.13253727555274963,0.03368525952100754,0.0,0.0,-0.28072412109375,0,0,0
615,0.19884970784187317,0.757631242275238,-0.034390728920698166,0.0,0.0,-0.2635579833984375,0,0,0
616,0.19884970784187317,0.757631242275238,-0.034390728920698166,0.0,0.0,-0.2635579833984375,0,0,0
617,0.19884970784187317,0.757631242275238,-0.034390728920698166,0.0,0.0,-0.2635579833984375,0,0,0
618,0.19884970784187317,0.757631242275238,-0.034390728920698166,0.0,0.0,-0.2635579833984375,0,0,0
619,0.19884970784187317,0.757631242275238,-0.034390728920698166,0.0,0.0,-0.2635579833984375,0,0,0
620,0.45841097831726074,-0.2679760456085205,-0.08030948787927628,0.0,0.0,0.0,0,0,0
621,0.45841097831726074,-0.2679760456085205,-0.08030948787927628,0.0,0.0,0.0,0,0,0
622,0.45841097831726074,-0.2679760456085205,-0.08030948787927628,0.0,0.0,0.0,0,0,0
623,0.45841097831726074,-0.2679760456085205,-0.08030948787927628,0.0,0.0,0.0,0,0,0
624,0.45841097831726074,-0.2679760456085205,-0.08030948787927628,0.0,0.0,0.0,0,0,0
625,0.45841097831726074,-0.2679760456085205,-0.08030948787927628,0.0,0.0,0.0,0,0,0
626,0.11032863706350327,0.03356488421559334,-0.16779059171676636,0.0,0.0,0.0,0,0,0
627,0.11032863706350327,0.03356488421559334,-0.16779059171676636,0.0,0.0,0.0,0,0,0
628,0.11032863706350327,0.03356488421559334,-0.16779059171676636,0.0,0.0,0.0,0,0,0
629,0.11032863706350327,0.03356488421559334,-0.16779059171676636,0.0,0.0,0.0,0,0,0
630,0.11032863706350327,0.03356488421559334,-0.16779059171676636,0.0,0.0,0.0,0,0,0
631,0.11032863706350327,0.03356488421559334,-0.16779059171676636,0.0,0.0,0.0,0,0,0
632,-0.3527519404888153,-0.2792057991027832,-0.2131199985742569,0.0,0.0,0.0,0,0,0
633,-0.3527519404888153,-0.2792057991027832,-0.2131199985742569,0.0,0.0,0.0,0,0,0
634,-0.3527519404888153,-0.2792057991027832,-0.2131199985742569,0.0,0.0,0.0,0,0,0
635,-0.3527519404888153,-0.2792057991027832,-0.2131199985742569,0.0,0.0,0.0,0,0,0
636,-0.3527519404888153,-0.2792057991027832,-0.2131199985742569,0.0,0.0,0.0,0,0,0
637,-0.47471538186073303,-0.20447111129760742,-0.07877790182828903,0.0,0.0,0.0,0,0,0
638,-0.47471538186073303,-0.20447111129760742,-0.07877790182828903,0.0,0.0,0.0,0,0,0
639,-0.47471538186073303,-0.20447111129760742,-0.07877790182828903,0.0,0.0,0.0,0,0,0
640,-0.47471538186073303,-0.20447111129760742,-0.07877790182828903,0.0,0.0,0.0,0,0,0
641,-0.47471538186073303,-0.20447111129760742,-0.07877790182828903,0.0,0.0,0.0,0,0,0
642,-0.47471538186073303,-0.20447111129760742,-0.07877790182828903,0.0,0.0,0.0,0,0,0
643,-0.47471538186073303,-0.20447111129760742,-0.07877790182828903,0.0,0.0,0.0,0,0,0
644,-0.14175580441951752,-0.09969010949134827,-0.03410390764474869,0.0,0.0,0.17996923828125,0,0,0
645,-0.14175580441951752,-0.09969010949134827,-0.03410390764474869,0.0,0.0,0.17996923828125,0,0,0
646,-0.14175580441951752,-0.09969010949134827,-0.03410390764474869,0.0,0.0,0.17996923828125,0,0,0
647,-0.14175580441951752,-0.09969010949134827,-0.03410390764474869,0.0,0.0,0.17996923828125,0,0,0
648,-0.14175580441951752,-0.09969010949134827,-0.03410390764474869,0.0,0.0,0.17996923828125,0,0,0
649,-0.14175580441951752,-0.09969010949134827,-0.03410390764474869,0.0,0.0,0.17996923828125,0,0,0
650,0.11175636202096939,-0.21735282242298126,-0.0412217378616333,0.0,0.0,0.200202392578125,0,0,0
651,0.11175636202096939,-0.21735282242298126,-0.0412217378616333,0.0,0.0,0.200202392578125,0,0,0
652,0.11175636202096939,-0.21735282242298126,-0.0412217378616333,0.0,0.0,0.200202392578125,0,0,0
653,0.11175636202096939,-0.21735282242298126,-0.0412217378616333,0.0,0.0,0.200202392578125,0,0,0
654,0.11175636202096939,-0.21735282242298126,-0.0412217378616333,0.0,0.0,0.200202392578125,0,0,0
655,0.11074089258909225,-0.39852073788642883,0.024032898247241974,0.0,0.0,0.245429443359375,0,0,0
656,0.11074089258909225,-0.39852073788642883,0.024032898247241974,0.0,0.0,0.245429443359375,0,0,0
657,0.11074089258909225,-0.39852073788642883,0.024032898247241974,0.0,0.0,0.245429443359375,0,0,0
658,0.11074089258909225,-0.39852073788642883,0.024032898247241974,0.0,0.0,0.245429443359375,0,0,0
659,0.11074089258909225,-0.39852073788642883,0.024032898247241974,0.0,0.0,0.245429443359375,0,0,0
660,0.11074089258909225,-0.39852073788642883,0.024032898247241974,0.0,0.0,0.245429443359375,0,0,0
661,0.11074089258909225,-0.39852073788642883,0.024032898247241974,0.0,0.0,0.245429443359375,0,0,0
662,0.4732048511505127,-0.11550422757863998,0.14628317952156067,0.0,0.0,0.2986368408203125,0,0,0
663,0.4732048511505127,-0.11550422757863998,0.14628317952156067,0.0,0.0,0.2986368408203125,0,0,0
664,0.4732048511505127,-0.11550422757863998,0.14628317952156067,0.0,0.0,0.2986368408203125,0,0,0
665,0.4732048511505127,-0.11550422757863998,0.14628317952156067,0.0,0.0,0.2986368408203125,0,0,0
666,0.4732048511505127,-0.11550422757863998,0.14628317952156067,0.0,0.0,0.2986368408203125,0,0,0
667,0.4732048511505127,-0.11550422757863998,0.14628317952156067,0.0,0.0,0.2986368408203125,0,0,0
668,-0.08769097179174423,-0.12855423986911774,0.03808320313692093,0.0,0.0,0.2668680419921875,0,0,0
669,-0.08769097179174423,-0.12855423986911774,0.03808320313692093,0.0,0.0,0.2668680419921875,0,0,0
670,-0.08769097179174423,-0.12855423986911774,0.03808320313692093,0.0,0.0,0.2668680419921875,0,0,0
671,-0.08769097179174423,-0.12855423986911774,0.03808320313692093,0.0,0.0,0.2668680419921875,0,0,0
672,-0.08769097179174423,-0.12855423986911774,0.03808320313692093,0.0,0.0,0.2668680419921875,0,0,0
673,-0.4766152799129486,-0.02009701170027256,-0.07415199279785156,0.0,0.0,0.30057470703125,0,0,0
674,-0.4766152799129486,-0.02009701170027256,-0.07415199279785156,0.0,0.0,0.30057470703125,0,0,0
675,-0.4766152799129486,-0.02009701170027256,-0.07415199279785156,0.0,0.0,0.30057470703125,0,0,0
676,-0.4766152799129486,-0.02009701170027256,-0.07415199279785156,0.0,0.0,0.30057470703125,0,0,0
677,-0.4766152799129486,-0.02009701170027256,-0.07415199279785156,0.0,0.0,0.30057470703125,0,0,0
678,-0.313996821641922,0.17847466468811035,-0.12378372997045517,0.0,0.0,0.299994873046875,0,0,0
679,-0.313996821641922,0.17847466468811035,-0.12378372997045517,0.0,0.0,0.299994873046875,0,0,0
680,-0.313996821641922,0.17847466468811035,-0.12378372997045517,0.0,0.0,0.299994873046875,0,0,0
681,-0.313996821641922,0.17847466468811035,-0.12378372997045517,0.0,0.0,0.299994873046875,0,0,0
682,-0.313996821641922,0.17847466468811035,-0.12378372997045517,0.0,0.0,0.299994873046875,0,0,0
683,-0.313996821641922,0.17847466468811035,-0.12378372997045517,0.0,0.0,0.299994873046875,0,0,0
684,-0.252397358417511,-0.030947262421250343,0.07959948480129242,0.0,0.0,0.298896240234375,0,0,0
685,-0.252397358417511,-0.030947262421250343,0.07959948480129242,0.0,0.0,0.298896240234375,0,0,0
686,-0.252397358417511,-0.030947262421250343,0.07959948480129242,0.0,0.0,0.298896240234375,0,0,0
687,-0.252397358417511,-0.030947262421250343,0.07959948480129242,0.0,0.0,0.298896240234375,0,0,0
688,-0.252397358417511,-0.030947262421250343,0.07959948480129242,0.0,0.0,0.298896240234375,0,0,0
689,0.2562991678714752,0.11270151287317276,0.10340175777673721,0.0,0.0,0.276130126953125,0,0,0
690,0.2562991678714752,0.11270151287317276,0.10340175777673721,0.0,0.0,0.276130126953125,0,0,0
691,0.2562991678714752,0.11270151287317276,0.10340175777673721,0.0,0.0,0.276130126953125,0,0,0
692,0.2562991678714752,0.11270151287317276,0.10340175777673721,0.0,0.0,0.276130126953125,0,0,0
693,0.2562991678714752,0.11270151287317276,0.10340175777673721,0.0,0.0,0.276130126953125,0,0,0
694,0.2562991678714752,0.11270151287317276,0.10340175777673721,0.0,0.0,0.276130126953125,0,0,0
695,0.2562991678714752,0.11270151287317276,0.10340175777673721,0.0,0.0,0.276130126953125,0,0,0
696,0.33893224596977234,0.15270937979221344,-0.09404847025871277,0.0,0.0,0.143439697265625,0,0,0
697,0.33893224596977234,0.15270937979221344,-0.09404847025871277,0.0,0.0,0.143439697265625,0,0,0
698,0.33893224596977234,0.15270937979221344,-0.09404847025871277,0.0,0.0,0.143439697265625,0,0,0
699,0.33893224596977234,0.15270937979221344,-0.09404847025871277,0.0,0.0,0.143439697265625,0,0,0
700,0.33893224596977234,0.15270937979221344,-0.09404847025871277,0.0,0.0,0.143439697265625,0,0,0
701,0.33893224596977234,0.15270937979221344,-0.09404847025871277,0.0,0.0,0.143439697265625,0,0,0
702,0.7635802030563354,0.06059383973479271,-0.04055594652891159,0.0,0.0,0.0,0,0,0
703,0.7635802030563354,0.06059383973479271,-0.04055594652891159,0.0,0.0,0.0,0,0,0
704,0.7635802030563354,0.06059383973479271,-0.04055594652891159,0.0,0.0,0.0,0,0,0
705,0.7635802030563354,0.06059383973479271,-0.04055594652891159,0.0,0.0,0.0,0,0,0
706,0.7635802030563354,0.06059383973479271,-0.04055594652891159,0.0,0.0,0.0,0,0,0
707,0.0706683099269867,0.14540539681911469,0.08585178852081299,0.0,0.0,-0.154961181640625,0,0,0
708,0.0706683099269867,0.14540539681911469,0.08585178852081299,0.0,0.0,-0.154961181640625,0,0,0
709,0.0706683099269867,0.14540539681911469,0.08585178852081299,0.0,0.0,-0.154961181640625,0,0,0
710,0.0706683099269867,0.14540539681911469,0.08585178852081299,0.0,0.0,-0.154961181640625,0,0,0
711,0.0706683099269867,0.14540539681911469,0.08585178852081299,0.0,0.0,-0.154961181640625,0,0,0
712,0.0706683099269867,0.14540539681911469,0.08585178852081299,0.0,0.0,-0.154961181640625,0,0,0
713,-0.128608837723732,0.24006906151771545,0.12200180441141129,0.0,0.0,-0.1312032470703125,0,0,0
714,-0.128608837723732,0.24006906151771545,0.12200180441141129,0.0,0.0,-0.1312032470703125,0,0,0
715,-0.128608837723732,0.24006906151771545,0.12200180441141129,0.0,0.0,-0.1312032470703125,0,0,0
716,-0.128608837723732,0.24006906151771545,0.12200180441141129,0.0,0.0,-0.1312032470703125,0,0,0
717,-0.128608837723732,0.24006906151771545,0.12200180441141129,0.0,0.0,-0.1312032470703125,0,0,0
718,-0.04990497604012489,0.20779554545879364,0.10737679153680801,0.0,0.0,-0.27388818359375,0,0,0
719,-0.04990497604012489,0.20779554545879364,0.10737679153680801,0.0,0.0,-0.27388818359375,0,0,0
720,-0.04990497604012489,0.20779554545879364,0.10737679153680801,0.0,0.0,-0.27388818359375,0,0,0
721,-0.04990497604012489,0.20779554545879364,0.10737679153680801,0.0,0.0,-0.27388818359375,0,0,0
722,-0.04990497604012489,0.20779554545879364,0.10737679153680801,0.0,0.0,-0.27388818359375,0,0,0
723,-0.4630158543586731,-0.13654612004756927,0.12461090087890625,0.0,0.0,-0.222771240234375,0,0,0
724,-0.4630158543586731,-0.13654612004756927,0.12461090087890625,0.0,0.0,-0.222771240234375,0,0,0
725,-0.4630158543586731,-0.13654612004756927,0.12461090087890625,0.0,0.0,-0.222771240234375,0,0,0
726,-0.4630158543586731,-0.13654612004756927,0.12461090087890625,0.0,0.0,-0.222771240234375,0,0,0
727,-0.4630158543586731,-0.13654612004756927,0.12461090087890625,0.0,0.0,-0.222771240234375,0,0,0
728,-0.4630158543586731,-0.13654612004756927,0.12461090087890625,0.0,0.0,-0.222771240234375,0,0,0
729,-0.4630158543586731,-0.13654612004756927,0.12461090087890625,0.0,0.0,-0.222771240234375,0,0,0
730,-0.1627228707075119,-0.06651537865400314,0.06131262704730034,0.0,0.0,-0.248772216796875,0,0,0
731,-0.1627228707075119,-0.06651537865400314,0.06131262704730034,0.0,0.0,-0.248772216796875,0,0,0
732,-0.1627228707075119,-0.06651537865400314,0.06131262704730034,0.0,0.0,-0.248772216796875,0,0,0
733,-0.1627228707075119,-0.06651537865400314,0.06131262704730034,0.0,0.0,-0.248772216796875,0,0,0
734,-0.1627228707075119,-0.06651537865400314,0.06131262704730034,0.0,0.0,-0.248772216796875,0,0,0
735,-0.1627228707075119,-0.06651537865400314,0.06131262704730034,0.0,0.0,-0.248772216796875,0,0,0
736,0.04809322580695152,-0.41922762989997864,0.012389558367431164,0.0,0.0,-0.1972432861328125,0,0,0
737,0.04809322580695152,-0.41922762989997864,0.012389558367431164,0.0,0.0,-0.1972432861328125,0,0,0
738,0.04809322580695152,-0.41922762989997864,0.012389558367431164,0.0,0.0,-0.1972432861328125,0,0,0
739,0.04809322580695152,-0.41922762989997864,0.012389558367431164,0.0,0.0,-0.1972432861328125,0,0,0
740,0.04809322580695152,-0.41922762989997864,0.012389558367431164,0.0,0.0,-0.1972432861328125,0,0,0
741,-0.25721102952957153,-0.2525542080402374,0.0399109311401844,0.0,0.0,0.0,0,0,0
742,-0.25721102952957153,-0.2525542080402374,0.0399109311401844,0.0,0.0,0.0,0,0,0
743,-0.25721102952957153,-0.2525542080402374,0.0399109311401844,0.0,0.0,0.0,0,0,0
744,-0.25721102952957153,-0.2525542080402374,0.0399109311401844,0.0,0.0,0.0,0,0,0
745,-0.25721102952957153,-0.2525542080402374,0.0399109311401844,0.0,0.0,0.0,0,0,0
746,-0.25721102952957153,-0.2525542080402374,0.0399109311401844,0.0,0.0,0.0,0,0,0
747,-0.25721102952957153,-0.2525542080402374,0.0399109311401844,0.0,0.0,0.0,0,0,0
748,-0.04577920585870743,-0.4062441885471344,-0.018433336168527603,0.0,0.0,-0.1419149169921875,0,0,0
749,-0.04577920585870743,-0.4062441885471344,-0.018433336168527603,0.0,0.0,-0.1419149169921875,0,0,0
750,-0.04577920585870743,-0.4062441885471344,-0.018433336168527603,0.0,0.0,-0.1419149169921875,0,0,0
751,-0.04577920585870743,-0.4062441885471344,-0.018433336168527603,0.0,0.0,-0.1419149169921875,0,0,0
752,-0.04577920585870743,-0.4062441885471344,-0.018433336168527603,0.0,0.0,-0.1419149169921875,0,0,0
753,-0.04577920585870743,-0.4062441885471344,-0.018433336168527603,0.0,0.0,-0.1419149169921875,0,0,0
754,0.46216416358947754,-0.32309362292289734,-0.049072206020355225,0.0,0.0,-0.1304708251953125,0,0,0
755,0.46216416358947754,-0.32309362292289734,-0.049072206020355225,0.0,0.0,-0.1304708251953125,0,0,0
756,0.46216416358947754,-0.32309362292289734,-0.049072206020355225,0.0,0.0,-0.1304708251953125,0,0,0
757,0.46216416358947754,-0.32309362292289734,-0.049072206020355225,0.0,0.0,-0.1304708251953125,0,0,0
758,0.46216416358947754,-0.32309362292289734,-0.049072206020355225,0.0,0.0,-0.1304708251953125,0,0,0
759,-0.01763278990983963,0.15939044952392578,-0.005771868862211704,0.0,0.0,0.0,0,0,0
760,-0.01763278990983963,0.15939044952392578,-0.005771868862211704,0.0,0.0,0.0,0,0,0
761,-0.01763278990983963,0.15939044952392578,-0.005771868862211704,0.0,0.0,0.0,0,0,0
762,-0.01763278990983963,0.15939044952392578,-0.005771868862211704,0.0,0.0,0.0,0,0,0
763,-0.01763278990983963,0.15939044952392578,-0.005771868862211704,0.0,0.0,0.0,0,0,0
764,-0.01763278990983963,0.15939044952392578,-0.005771868862211704,0.0,0.0,0.0,0,0,0
765,0.3611997365951538,0.13113698363304138,-0.07599303126335144,0.0,0.0,0.0,0,0,0
766,0.3611997365951538,0.13113698363304138,-0.07599303126335144,0.0,0.0,0.0,0,0,0
767,0.3611997365951538,0.13113698363304138,-0.07599303126335144,0.0,0.0,0.0,0,0,0
768,0.3611997365951538,0.13113698363304138,-0.07599303126335144,0.0,0.0,0.0,0,0,0
769,0.3611997365951538,0.13113698363304138,-0.07599303126335144,0.0,0.0,0.0,0,0,0
770,0.3611997365951538,0.13113698363304138,-0.07599303126335144,0.0,0.0,0.0,0,0,0
771,-0.026545856148004532,0.18347209692001343,-0.017462346702814102,0.0,0.0,0.0,0,0,0
772,-0.026545856148004532,0.18347209692001343,-0.017462346702814102,0.0,0.0,0.0,0,0,0
773,-0.026545856148004532,0.18347209692001343,-0.017462346702814102,0.0,0.0,0.0,0,0,0
774,-0.026545856148004532,0.18347209692001343,-0.017462346702814102,0.0,0.0,0.0,0,0,0
775,-0.026545856148004532,0.18347209692001343,-0.017462346702814102,0.0,0.0,0.0,0,0,0
776,-0.006724747829139233,0.04405667260289192,-0.018604043871164322,0.0,0.0,0.0,0,0,0
777,-0.006724747829139233,0.04405667260289192,-0.018604043871164322,0.0,0.0,0.0,0,0,0
778,-0.006724747829139233,0.04405667260289192,-0.018604043871164322,0.0,0.0,0.0,0,0,0
779,-0.006724747829139233,0.04405667260289192,-0.018604043871164322,0.0,0.0,0.0,0,0,0
780,-0.006724747829139233,0.04405667260289192,-0.018604043871164322,0.0,0.0,0.0,0,0,0
781,-0.006724747829139233,0.04405667260289192,-0.018604043871164322,0.0,0.0,0.0,0,0,0
782,-0.006724747829139233,0.04405667260289192,-0.018604043871164322,0.0,0.0,0.0,0,0,0
783,-0.01236532349139452,0.009252620860934258,-0.010661965236067772,0.0,0.0,0.0,0,0,0
784,-0.01236532349139452,0.009252620860934258,-0.010661965236067772,0.0,0.0,0.0,0,0,0
785,-0.01236532349139452,0.009252620860934258,-0.010661965236067772,0.0,0.0,0.0,0,0,0
786,-0.01236532349139452,0.009252620860934258,-0.010661965236067772,0.0,0.0,0.0,0,0,0
787,-0.01236532349139452,0.009252620860934258,-0.010661965236067772,0.0,0.0,0.0,0,0,0
788,-0.01236532349139452,0.009252620860934258,-0.010661965236067772,0.0,0.0,0.0,0,0,0
789,-0.006058691535145044,-0.007979096844792366,-0.0024525050539523363,0.0,0.0,0.0,0,0,0
790,-0.006058691535145044,-0.007979096844792366,-0.0024525050539523363,0.0,0.0,0.0,0,0,0
791,-0.006058691535145044,-0.007979096844792366,-0.0024525050539523363,0.0,0.0,0.0,0,0,0
792,-0.006058691535145044,-0.007979096844792366,-0.0024525050539523363,0.0,0.0,0.0,0,0,0
793,-0.006058691535145044,-0.007979096844792366,-0.0024525050539523363,0.0,0.0,0.0,0,0,0
794,0.015027685090899467,-0.04597148671746254,0.03157523646950722,0.0,0.0,0.0,0,0,0
795,0.015027685090899467,-0.04597148671746254,0.03157523646950722,0.0,0.0,0.0,0,0,0
796,0.015027685090899467,-0.04597148671746254,0.03157523646950722,0.0,0.0,0.0,0,0,0
797,0.015027685090899467,-0.04597148671746254,0.03157523646950722,0.0,0.0,0.0,0,0,0
798,0.015027685090899467,-0.04597148671746254,0.03157523646950722,0.0,0.0,0.0,0,0,0
799,0.015027685090899467,-0.04597148671746254,0.03157523646950722,0.0,0.0,0.0,0,0,0
800,0.015027685090899467,-0.04597148671746254,0.03157523646950722,0.0,0.0,0.0,0,0,0
801,-0.005014998838305473,-0.14443200826644897,0.12538482248783112,0.0,0.0,-0.116142822265625,0,0,0
802,-0.005014998838305473,-0.14443200826644897,0.12538482248783112,0.0,0.0,-0.116142822265625,0,0,0
803,-0.005014998838305473,-0.14443200826644897,0.12538482248783112,0.0,0.0,-0.116142822265625,0,0,0
804,-0.005014998838305473,-0.14443200826644897,0.12538482248783112,0.0,0.0,-0.116142822265625,0,0,0
805,-0.005014998838305473,-0.14443200826644897,0.12538482248783112,0.0,0.0,-0.116142822265625,0,0,0
806,-0.005014998838305473,-0.14443200826644897,0.12538482248783112,0.0,0.0,-0.116142822265625,0,0,0
807,0.08455269783735275,0.195443794131279,0.11761025339365005,0.0,0.0,-0.260796142578125,0,0,0
808,0.08455269783735275,0.195443794131279,0.11761025339365005,0.0,0.0,-0.260796142578125,0,0,0
809,0.08455269783735275,0.195443794131279,0.11761025339365005,0.0,0.0,-0.260796142578125,0,0,0
810,0.08455269783735275,0.195443794131279,0.11761025339365005,0.0,0.0,-0.260796142578125,0,0,0
811,0.08455269783735275,0.195443794131279,0.11761025339365005,0.0,0.0,-0.260796142578125,0,0,0
812,0.007426491007208824,0.38324007391929626,0.036623258143663406,0.0,0.0,-0.411919189453125,0,0,0
813,0.007426491007208824,0.38324007391929626,0.036623258143663406,0.0,0.0,-0.411919189453125,0,0,0
814,0.007426491007208824,0.38324007391929626,0.036623258143663406,0.0,0.0,-0.411919189453125,0,0,0
815,0.007426491007208824,0.38324007391929626,0.036623258143663406,0.0,0.0,-0.411919189453125,0,0,0
816,0.007426491007208824,0.38324007391929626,0.036623258143663406,0.0,0.0,-0.411919189453125,0,0,0
817,0.007426491007208824,0.38324007391929626,0.036623258143663406,0.0,0.0,-0.411919189453125,0,0,0
818,0.007426491007208824,0.38324007391929626,0.036623258143663406,0.0,0.0,-0.411919189453125,0,0,0
819,0.10489312559366226,0.19759723544120789,0.10844098776578903,0.0,0.0,-0.341667724609375,0,0,0
820,0.10489312559366226,0.19759723544120789,0.10844098776578903,0.0,0.0,-0.341667724609375,0,0,0
821,0.10489312559366226,0.19759723544120789,0.10844098776578903,0.0,0.0,-0.341667724609375,0,0,0
822,0.10489312559366226,0.19759723544120789,0.10844098776578903,0.0,0.0,-0.341667724609375,0,0,0
823,0.10489312559366226,0.19759723544120789,0.10844098776578903,0.0,0.0,-0.341667724609375,0,0,0
824,0.10489312559366226,0.19759723544120789,0.10844098776578903,0.0,0.0,-0.341667724609375,0,0,0
825,-0.12238636612892151,0.17520830035209656,0.1569020003080368,0.0,0.0,-0.36629541015625,0,0,0
826,-0.12238636612892151,0.17520830035209656,0.1569020003080368,0.0,0.0,-0.36629541015625,0,0,0
827,-0.12238636612892151,0.17520830035209656,0.1569020003080368,0.0,0.0,-0.36629541015625,0,0,0
828,-0.12238636612892151,0.17520830035209656,0.1569020003080368,0.0,0.0,-0.36629541015625,0,0,0
829,-0.12238636612892151,0.17520830035209656,0.1569020003080368,0.0,0.0,-0.36629541015625,0,0,0
830,0.016286028549075127,-0.2919996380805969,0.03307086601853371,0.0,0.0,-0.2082296142578125,0,0,0
831,0.016286028549075127,-0.2919996380805969,0.03307086601853371,0.0,0.0,-0.2082296142578125,0,0,0
832,0.016286028549075127,-0.2919996380805969,0.03307086601853371,0.0,0.0,-0.2082296142578125,0,0,0
833,0.016286028549075127,-0.2919996380805969,0.03307086601853371,0.0,0.0,-0.2082296142578125,0,0,0
834,0.016286028549075127,-0.2919996380805969,0.03307086601853371,0.0,0.0,-0.2082296142578125,0,0,0
835,0.016286028549075127,-0.2919996380805969,0.03307086601853371,0.0,0.0,-0.2082296142578125,0,0,0
836,0.016286028549075127,-0.2919996380805969,0.03307086601853371,0.0,0.0,-0.2082296142578125,0,0,0
837,-0.06403011828660965,0.06259866803884506,-0.08855915814638138,0.0,0.0,0.0,0,0,0
838,-0.06403011828660965,0.06259866803884506,-0.08855915814638138,0.0,0.0,0.0,0,0,0
839,-0.06403011828660965,0.06259866803884506,-0.08855915814638138,0.0,0.0,0.0,0,0,0
840,-0.06403011828660965,0.06259866803884506,-0.08855915814638138,0.0,0.0,0.0,0,0,0
841,-0.06403011828660965,0.06259866803884506,-0.08855915814638138,0.0,0.0,0.0,0,0,0
842,-0.06403011828660965,0.06259866803884506,-0.08855915814638138,0.0,0.0,0.0,0,0,0
843,0.07435359060764313,-0.05631067603826523,-0.191391259431839,0.0,0.0,0.21305029296875,0,0,0
844,0.07435359060764313,-0.05631067603826523,-0.191391259431839,0.0,0.0,0.21305029296875,0,0,0
845,0.07435359060764313,-0.05631067603826523,-0.191391259431839,0.0,0.0,0.21305029296875,0,0,0
846,0.07435359060764313,-0.05631067603826523,-0.191391259431839,0.0,0.0,0.21305029296875,0,0,0
847,0.07435359060764313,-0.05631067603826523,-0.191391259431839,0.0,0.0,0.21305029296875,0,0,0
848,0.24462147057056427,-0.20372915267944336,-0.08520863950252533,0.0,0.0,0.297553466796875,0,0,0
849,0.24462147057056427,-0.20372915267944336,-0.08520863950252533,0.0,0.0,0.297553466796875,0,0,0
850,0.24462147057056427,-0.20372915267944336,-0.08520863950252533,0.0,0.0,0.297553466796875,0,0,0
851,0.24462147057056427,-0.20372915267944336,-0.08520863950252533,0.0,0.0,0.297553466796875,0,0,0
852,0.24462147057056427,-0.20372915267944336,-0.08520863950252533,0.0,0.0,0.297553466796875,0,0,0
853,0.24462147057056427,-0.20372915267944336,-0.08520863950252533,0.0,0.0,0.297553466796875,0,0,0
854,0.24462147057056427,-0.20372915267944336,-0.08520863950252533,0.0,0.0,0.297553466796875,0,0,0
855,-0.011561580933630466,-0.370818555355072,-0.30465230345726013,0.0,0.0,0.296271728515625,0,0,0
856,-0.011561580933630466,-0.370818555355072,-0.30465230345726013,0.0,0.0,0.296271728515625,0,0,0
857,-0.011561580933630466,-0.370818555355072,-0.30465230345726013,0.0,0.0,0.296271728515625,0,0,0
858,-0.011561580933630466,-0.370818555355072,-0.30465230345726013,0.0,0.0,0.296271728515625,0,0,0
859,-0.011561580933630466,-0.370818555355072,-0.30465230345726013,0.0,0.0,0.296271728515625,0,0,0
860,-0.011561580933630466,-0.370818555355072,-0.30465230345726013,0.0,0.0,0.296271728515625,0,0,0
861,-0.3755515217781067,-0.35377857089042664,-0.026075275614857674,0.0,0.0,0.2792734375,0,0,0
862,-0.3755515217781067,-0.35377857089042664,-0.026075275614857674,0.0,0.0,0.2792734375,0,0,0
863,-0.3755515217781067,-0.35377857089042664,-0.026075275614857674,0.0,0.0,0.2792734375,0,0,0
864,-0.3755515217781067,-0.35377857089042664,-0.026075275614857674,0.0,0.0,0.2792734375,0,0,0
865,-0.3755515217781067,-0.35377857089042664,-0.026075275614857674,0.0,0.0,0.2792734375,0,0,0
866,-0.29020118713378906,-0.24931848049163818,0.012382367625832558,0.0,0.0,0.403022216796875,0,0,0
867,-0.29020118713378906,-0.24931848049163818,0.012382367625832558,0.0,0.0,0.403022216796875,0,0,0
868,-0.29020118713378906,-0.24931848049163818,0.012382367625832558,0.0,0.0,0.403022216796875,0,0,0
869,-0.29020118713378906,-0.24931848049163818,0.012382367625832558,0.0,0.0,0.403022216796875,0,0,0
870,-0.29020118713378906,-0.24931848049163818,0.012382367625832558,0.0,0.0,0.403022216796875,0,0,0
871,-0.29020118713378906,-0.24931848049163818,0.012382367625832558,0.0,0.0,0.403022216796875,0,0,0
872,-0.29020118713378906,-0.24931848049163818,0.012382367625832558,0.0,0.0,0.403022216796875,0,0,0
873,0.13653840124607086,-0.08923400193452835,0.04621676355600357,0.0,0.0,0.2490457763671875,0,0,0
874,0.13653840124607086,-0.08923400193452835,0.04621676355600357,0.0,0.0,0.2490457763671875,0,0,0
875,0.13653840124607086,-0.08923400193452835,0.04621676355600357,0.0,0.0,0.2490457763671875,0,0,0
876,0.13653840124607086,-0.08923400193452835,0.04621676355600357,0.0,0.0,0.2490457763671875,0,0,0
877,0.13653840124607086,-0.08923400193452835,0.04621676355600357,0.0,0.0,0.2490457763671875,0,0,0
878,0.13653840124607086,-0.08923400193452835,0.04621676355600357,0.0,0.0,0.2490457763671875,0,0,0
879,0.15531715750694275,0.05313032865524292,-0.019583821296691895,0.0,0.0,0.3987802734375,0,0,0
880,0.15531715750694275,0.05313032865524292,-0.019583821296691895,0.0,0.0,0.3987802734375,0,0,0
881,0.15531715750694275,0.05313032865524292,-0.019583821296691895,0.0,0.0,0.3987802734375,0,0,0
882,0.15531715750694275,0.05313032865524292,-0.019583821296691895,0.0,0.0,0.3987802734375,0,0,0
883,0.15531715750694275,0.05313032865524292,-0.019583821296691895,0.0,0.0,0.3987802734375,0,0,0
884,-0.09302501380443573,0.0787251740694046,0.056292299181222916,0.0,0.0,0.496100830078125,0,0,0
885,-0.09302501380443573,0.0787251740694046,0.056292299181222916,0.0,0.0,0.496100830078125,0,0,0
886,-0.09302501380443573,0.0787251740694046,0.056292299181222916,0.0,0.0,0.496100830078125,0,0,0
887,-0.09302501380443573,0.0787251740694046,0.056292299181222916,0.0,0.0,0.496100830078125,0,0,0
888,-0.09302501380443573,0.0787251740694046,0.056292299181222916,0.0,0.0,0.496100830078125,0,0,0
889,-0.09302501380443573,0.0787251740694046,0.056292299181222916,0.0,0.0,0.496100830078125,0,0,0
890,-0.09302501380443573,0.0787251740694046,0.056292299181222916,0.0,0.0,0.496100830078125,0,0,0
891,-0.12009631097316742,0.11975915729999542,0.04773157089948654,0.0,0.0,0.5697244873046875,0,0,0
892,-0.12009631097316742,0.11975915729999542,0.04773157089948654,0.0,0.0,0.5697244873046875,0,0,0
893,-0.12009631097316742,0.11975915729999542,0.04773157089948654,0.0,0.0,0.5697244873046875,0,0,0
894,-0.12009631097316742,0.11975915729999542,0.04773157089948654,0.0,0.0,0.5697244873046875,0,0,0
895,-0.12009631097316742,0.11975915729999542,0.04773157089948654,0.0,0.0,0.5697244873046875,0,0,0
896,-0.12009631097316742,0.11975915729999542,0.04773157089948654,0.0,0.0,0.5697244873046875,0,0,0
897,0.7319013476371765,0.2236645221710205,0.11325465142726898,0.0,0.0,0.2029031982421875,0,0,0
898,0.7319013476371765,0.2236645221710205,0.11325465142726898,0.0,0.0,0.2029031982421875,0,0,0
899,0.7319013476371765,0.2236645221710205,0.11325465142726898,0.0,0.0,0.2029031982421875,0,0,0
900,0.7319013476371765,0.2236645221710205,0.11325465142726898,0.0,0.0,0.2029031982421875,0,0,0
901,0.7319013476371765,0.2236645221710205,0.11325465142726898,0.0,0.0,0.2029031982421875,0,0,0
902,-0.08208181709051132,0.6032768487930298,-0.12274722754955292,0.0,0.0,0.0,0,0,0
903,-0.08208181709051132,0.6032768487930298,-0.12274722754955292,0.0,0.0,0.0,0,0,0
904,-0.08208181709051132,0.6032768487930298,-0.12274722754955292,0.0,0.0,0.0,0,0,0
905,-0.08208181709051132,0.6032768487930298,-0.12274722754955292,0.0,0.0,0.0,0,0,0
906,-0.08208181709051132,0.6032768487930298,-0.12274722754955292,0.0,0.0,0.0,0,0,0
907,-0.08208181709051132,0.6032768487930298,-0.12274722754955292,0.0,0.0,0.0,0,0,0
908,0.09580881893634796,0.8092268109321594,0.01458773110061884,0.0,0.0,-0.1753621826171875,0,0,0
909,0.09580881893634796,0.8092268109321594,0.01458773110061884,0.0,0.0,-0.1753621826171875,0,0,0
910,0.09580881893634796,0.8092268109321594,0.01458773110061884,0.0,0.0,-0.1753621826171875,0,0,0
911,0.09580881893634796,0.8092268109321594,0.01458773110061884,0.0,0.0,-0.1753621826171875,0,0,0
912,0.09580881893634796,0.8092268109321594,0.01458773110061884,0.0,0.0,-0.1753621826171875,0,0,0
913,0.09580881893634796,0.8092268109321594,0.01458773110061884,0.0,0.0,-0.1753621826171875,0,0,0
914,0.09226281940937042,0.36724644899368286,0.08886995166540146,0.0,0.0,-0.3458333740234375,0,0,0
915,0.09226281940937042,0.36724644899368286,0.08886995166540146,0.0,0.0,-0.3458333740234375,0,0,0
916,0.09226281940937042,0.36724644899368286,0.08886995166540146,0.0,0.0,-0.3458333740234375,0,0,0
917,0.09226281940937042,0.36724644899368286,0.08886995166540146,0.0,0.0,-0.3458333740234375,0,0,0
918,0.09226281940937042,0.36724644899368286,0.08886995166540146,0.0,0.0,-0.3458333740234375,0,0,0
919,-0.6490057110786438,-0.5211787819862366,0.08420755714178085,0.0,0.0,-0.464623046875,0,0,0
920,-0.6490057110786438,-0.5211787819862366,0.08420755714178085,0.0,0.0,-0.464623046875,0,0,0
921,-0.6490057110786438,-0.5211787819862366,0.08420755714178085,0.0,0.0,-0.464623046875,0,0,0
922,-0.6490057110786438,-0.5211787819862366,0.08420755714178085,0.0,0.0,-0.464623046875,0,0,0
923,-0.6490057110786438,-0.5211787819862366,0.08420755714178085,0.0,0.0,-0.464623046875,0,0,0
924,-0.6490057110786438,-0.5211787819862366,0.08420755714178085,0.0,0.0,-0.464623046875,0,0,0
925,-0.6490057110786438,-0.5211787819862366,0.08420755714178085,0.0,0.0,-0.464623046875,0,0,0
926,-0.24060700833797455,-0.28836947679519653,0.08312790840864182,0.0,0.0,-0.4507222900390625,0,0,0
927,-0.24060700833797455,-0.28836947679519653,0.08312790840864182,0.0,0.0,-0.4507222900390625,0,0,0
928,-0.24060700833797455,-0.28836947679519653,0.08312790840864182,0.0,0.0,-0.4507222900390625,0,0,0
929,-0.24060700833797455,-0.28836947679519653,0.08312790840864182,0.0,0.0,-0.4507222900390625,0,0,0
930,-0.24060700833797455,-0.28836947679519653,0.08312790840864182,0.0,0.0,-0.4507222900390625,0,0,0
931,-0.24060700833797455,-0.28836947679519653,0.08312790840864182,0.0,0.0,-0.4507222900390625,0,0,0
932,0.46272262930870056,-0.437095582485199,0.07961200177669525,0.0,0.0,-0.297783447265625,0,0,0
933,0.46272262930870056,-0.437095582485199,0.07961200177669525,0.0,0.0,-0.297783447265625,0,0,0
934,0.46272262930870056,-0.437095582485199,0.07961200177669525,0.0,0.0,-0.297783447265625,0,0,0
935,0.46272262930870056,-0.437095582485199,0.07961200177669525,0.0,0.0,-0.297783447265625,0,0,0
936,0.46272262930870056,-0.437095582485199,0.07961200177669525,0.0,0.0,-0.297783447265625,0,0,0
937,0.2433074563741684,-0.26831772923469543,-0.023254988715052605,0.0,0.0,-0.1213460693359375,0,0,0
938,0.2433074563741684,-0.26831772923469543,-0.023254988715052605,0.0,0.0,-0.1213460693359375,0,0,0
939,0.2433074563741684,-0.26831772923469543,-0.023254988715052605,0.0,0.0,-0.1213460693359375,0,0,0
940,0.2433074563741684,-0.26831772923469543,-0.023254988715052605,0.0,0.0,-0.1213460693359375,0,0,0
941,0.2433074563741684,-0.26831772923469543,-0.023254988715052605,0.0,0.0,-0.1213460693359375,0,0,0
942,0.2433074563741684,-0.26831772923469543,-0.023254988715052605,0.0,0.0,-0.1213460693359375,0,0,0
943,0.3887176513671875,-0.24314820766448975,-0.025912290439009666,0.0,0.0,-0.1160054931640625,0,0,0
944,0.3887176513671875,-0.24314820766448975,-0.025912290439009666,0.0,0.0,-0.1160054931640625,0,0,0
945,0.3887176513671875,-0.24314820766448975,-0.025912290439009666,0.0,0.0,-0.1160054931640625,0,0,0
946,0.3887176513671875,-0.24314820766448975,-0.025912290439009666,0.0,0.0,-0.1160054931640625,0,0,0
947,0.3887176513671875,-0.24314820766448975,-0.025912290439009666,0.0,0.0,-0.1160054931640625,0,0,0
948,0.3887176513671875,-0.24314820766448975,-0.025912290439009666,0.0,0.0,-0.1160054931640625,0,0,0
949,0.10877282172441483,0.0005518069956451654,-0.004707137122750282,0.0,0.0,0.0,0,0,0
950,0.10877282172441483,0.0005518069956451654,-0.004707137122750282,0.0,0.0,0.0,0,0,0
951,0.10877282172441483,0.0005518069956451654,-0.004707137122750282,0.0,0.0,0.0,0,0,0
952,0.10877282172441483,0.0005518069956451654,-0.004707137122750282,0.0,0.0,0.0,0,0,0
953,0.10877282172441483,0.0005518069956451654,-0.004707137122750282,0.0,0.0,0.0,0,0,0
954,-0.3597845435142517,0.12371554970741272,-0.017528926953673363,0.0,0.0,0.0,0,0,0
955,-0.3597845435142517,0.12371554970741272,-0.017528926953673363,0.0,0.0,0.0,0,0,0
956,-0.3597845435142517,0.12371554970741272,-0.017528926953673363,0.0,0.0,0.0,0,0,0
957,-0.3597845435142517,0.12371554970741272,-0.017528926953673363,0.0,0.0,0.0,0,0,0
958,-0.3597845435142517,0.12371554970741272,-0.017528926953673363,0.0,0.0,0.0,0,0,0
959,-0.3597845435142517,0.12371554970741272,-0.017528926953673363,0.0,0.0,0.0,0,0,0
960,-0.3597845435142517,0.12371554970741272,-0.017528926953673363,0.0,0.0,0.0,0,0,0
961,0.04851560294628143,-0.009022257290780544,-0.04683195427060127,0.0,0.0,0.0,0,0,0
962,0.04851560294628143,-0.009022257290780544,-0.04683195427060127,0.0,0.0,0.0,0,0,0
963,0.04851560294628143,-0.009022257290780544,-0.04683195427060127,0.0,0.0,0.0,0,0,0
964,0.04851560294628143,-0.009022257290780544,-0.04683195427060127,0.0,0.0,0.0,0,0,0
965,0.04851560294628143,-0.009022257290780544,-0.04683195427060127,0.0,0.0,0.0,0,0,0
966,0.04851560294628143,-0.009022257290780544,-0.04683195427060127,0.0,0.0,0.0,0,0,0
967,-0.11597320437431335,0.15686844289302826,-0.06383756548166275,0.0,0.0,0.0,0,0,0
968,-0.11597320437431335,0.15686844289302826,-0.06383756548166275,0.0,0.0,0.0,0,0,0
969,-0.11597320437431335,0.15686844289302826,-0.06383756548166275,0.0,0.0,0.0,0,0,0
970,-0.11597320437431335,0.15686844289302826,-0.06383756548166275,0.0,0.0,0.0,0,0,0
971,-0.11597320437431335,0.15686844289302826,-0.06383756548166275,0.0,0.0,0.0,0,0,0
972,-0.0032945964485406876,-0.004599811974912882,-0.004348942078649998,0.0,0.0,0.0,0,0,0
973,-0.0032945964485406876,-0.004599811974912882,-0.004348942078649998,0.0,0.0,0.0,0,0,0
974,-0.0032945964485406876,-0.004599811974912882,-0.004348942078649998,0.0,0.0,0.0,0,0,0
975,-0.0032945964485406876,-0.004599811974912882,-0.004348942078649998,0.0,0.0,0.0,0,0,0
976,-0.0032945964485406876,-0.004599811974912882,-0.004348942078649998,0.0,0.0,0.0,0,0,0
977,-0.0032945964485406876,-0.004599811974912882,-0.004348942078649998,0.0,0.0,0.0,0,0,0
978,-0.0032945964485406876,-0.004599811974912882,-0.004348942078649998,0.0,0.0,0.0,0,0,0
979,0.0035201662685722113,0.030894000083208084,-0.02953525446355343,0.0,0.0,0.0,0,0,0
980,0.0035201662685722113,0.030894000083208084,-0.02953525446355343,0.0,0.0,0.0,0,0,0
981,0.0035201662685722113,0.030894000083208084,-0.02953525446355343,0.0,0.0,0.0,0,0,0
982,0.0035201662685722113,0.030894000083208084,-0.02953525446355343,0.0,0.0,0.0,0,0,0
983,0.0035201662685722113,0.030894000083208084,-0.02953525446355343,0.0,0.0,0.0,0,0,0
984,0.0035201662685722113,0.030894000083208084,-0.02953525446355343,0.0,0.0,0.0,0,0,0
985,0.011806325986981392,0.014872689731419086,-0.02598952315747738,0.0,0.0,0.0,0,0,0
986,0.011806325986981392,0.014872689731419086,-0.02598952315747738,0.0,0.0,0.0,0,0,0
987,0.011806325986981392,0.014872689731419086,-0.02598952315747738,0.0,0.0,0.0,0,0,0
988,0.011806325986981392,0.014872689731419086,-0.02598952315747738,0.0,0.0,0.0,0,0,0
989,0.011806325986981392,0.014872689731419086,-0.02598952315747738,0.0,0.0,0.0,0,0,0
990,0.015873771160840988,-0.026334667578339577,0.0266537144780159,0.0,0.0,0.0,0,0,0
991,0.015873771160840988,-0.026334667578339577,0.0266537144780159,0.0,0.0,0.0,0,0,0
992,0.015873771160840988,-0.026334667578339577,0.0266537144780159,0.0,0.0,0.0,0,0,0
993,0.015873771160840988,-0.026334667578339577,0.0266537144780159,0.0,0.0,0.0,0,0,0
994,0.015873771160840988,-0.026334667578339577,0.0266537144780159,0.0,0.0,0.0,0,0,0
995,0.015873771160840988,-0.026334667578339577,0.0266537144780159,0.0,0.0,0.0,0,0,0
996,0.015873771160840988,-0.026334667578339577,0.0266537144780159,0.0,0.0,0.0,0,0,0
997,0.10797200351953506,-0.07947298884391785,-0.07749425619840622,0.0,0.0,0.0,0,0,0
998,0.10797200351953506,-0.07947298884391785,-0.07749425619840622,0.0,0.0,0.0,0,0,0
999,0.10797200351953506,-0.07947298884391785,-0.07749425619840622,0.0,0.0,0.0,0,0,0
1000,0.10797200351953506,-0.07947298884391785,-0.07749425619840622,0.0,0.0,0.0,0,0,0
1001,0.10797200351953506,-0.07947298884391785,-0.07749425619840622,0.0,0.0,0.0,0,0,0
1002,0.002007757080718875,0.01684236340224743,0.007511179428547621,0.0,0.0,0.0,0,0,0
1003,0.002007757080718875,0.01684236340224743,0.007511179428547621,0.0,0.0,0.0,0,0,0
1004,0.002007757080718875,0.01684236340224743,0.007511179428547621,0.0,0.0,0.0,0,0,0
1005,0.002007757080718875,0.01684236340224743,0.007511179428547621,0.0,0.0,0.0,0,0,0
1006,0.002007757080718875,0.01684236340224743,0.007511179428547621,0.0,0.0,0.0,0,0,0
1007,0.005093561951071024,0.023695209994912148,0.0016349145444110036,0.0,0.0,0.0,0,0,0
1008,0.005093561951071024,0.023695209994912148,0.0016349145444110036,0.0,0.0,0.0,0,0,0
1009,0.005093561951071024,0.023695209994912148,0.0016349145444110036,0.0,0.0,0.0,0,0,0
1010,0.005093561951071024,0.023695209994912148,0.0016349145444110036,0.0,0.0,0.0,0,0,0
1011,0.005093561951071024,0.023695209994912148,0.0016349145444110036,0.0,0.0,0.0,0,0,0
1012,0.005093561951071024,0.023695209994912148,0.0016349145444110036,0.0,0.0,0.0,0,0,0
1013,0.005093561951071024,0.023695209994912148,0.0016349145444110036,0.0,0.0,0.0,0,0,0
1014,-0.0016700683627277613,0.0065252771601080894,0.001832521171309054,0.0,0.0,0.0,0,0,0
1015,-0.0016700683627277613,0.0065252771601080894,0.001832521171309054,0.0,0.0,0.0,0,0,0
1016,-0.0016700683627277613,0.0065252771601080894,0.001832521171309054,0.0,0.0,0.0,0,0,0
1017,-0.0016700683627277613,0.0065252771601080894,0.001832521171309054,0.0,0.0,0.0,0,0,0
1018,-0.0016700683627277613,0.0065252771601080894,0.001832521171309054,0.0,0.0,0.0,0,0,0
1019,-0.0016700683627277613,0.0065252771601080894,0.001832521171309054,0.0,0.0,0.0,0,0,0
1020,-0.0014511564513668418,0.00424161646515131,0.002252235310152173,0.0,0.0,0.0,0,0,0
1021,-0.0014511564513668418,0.00424161646515131,0.002252235310152173,0.0,0.0,0.0,0,0,0
1022,-0.0014511564513668418,0.00424161646515131,0.002252235310152173,0.0,0.0,0.0,0,0,0
1023,-0.0014511564513668418,0.00424161646515131,0.002252235310152173,0.0,0.0,0.0,0,0,0
1024,-0.0014511564513668418,0.00424161646515131,0.002252235310152173,0.0,0.0,0.0,0,0,0
1025,-0.0021734058391302824,0.006050169467926025,0.0013651363551616669,0.0,0.0,0.0,0,0,0
1026,-0.0021734058391302824,0.006050169467926025,0.0013651363551616669,0.0,0.0,0.0,0,0,0
1027,-0.0021734058391302824,0.006050169467926025,0.0013651363551616669,0.0,0.0,0.0,0,0,0
1028,-0.0021734058391302824,0.006050169467926025,0.0013651363551616669,0.0,0.0,0.0,0,0,0
1029,-0.0021734058391302824,0.006050169467926025,0.0013651363551616669,0.0,0.0,0.0,0,0,0
1030,-0.0021734058391302824,0.006050169467926025,0.0013651363551616669,0.0,0.0,0.0,0,0,0
1031,-0.0021734058391302824,0.006050169467926025,0.0013651363551616669,0.0,0.0,0.0,0,0,0
1032,-0.09285137802362442,0.19924865663051605,0.011335212737321854,0.0,0.0,0.0,0,0,0
1033,-0.09285137802362442,0.19924865663051605,0.011335212737321854,0.0,0.0,0.0,0,0,0
1034,-0.09285137802362442,0.19924865663051605,0.011335212737321854,0.0,0.0,0.0,0,0,0
1035,-0.09285137802362442,0.19924865663051605,0.011335212737321854,0.0,0.0,0.0,0,0,0
